"Name","Region","GENC","Year","Median age, both sexes"
" -> 2016","","","","--"
"Afghanistan","2016,Afghanistan","AF","2016","18,6"
"Albania","2016,Albania","AL","2016","32,5"
"Algeria","2016,Algeria","DZ","2016","27,6"
"American Samoa","2016,American Samoa","AS","2016","25,0"
"Andorra","2016,Andorra","AD","2016","43,7"
"Angola","2016,Angola","AO","2016","15,9"
"Anguilla","2016,Anguilla","AI","2016","34,7"
"Antigua and Barbuda","2016,Antigua and Barbuda","AG","2016","31,7"
"Argentina","2016,Argentina","AR","2016","31,5"
"Armenia","2016,Armenia","AM","2016","34,6"
"Aruba","2016,Aruba","AW","2016","39,2"
"Australia","2016,Australia","AU","2016","37,4"
"Austria","2016,Austria","AT","2016","43,8"
"Azerbaijan","2016,Azerbaijan","AZ","2016","30,4"
"Bahamas, The","2016,Bahamas, The","BS","2016","27,2"
"Bahrain","2016,Bahrain","BH","2016","32,1"
"Bangladesh","2016,Bangladesh","BD","2016","26,3"
"Barbados","2016,Barbados","BB","2016","38,6"
"Belarus","2016,Belarus","BY","2016","39,7"
"Belgium","2016,Belgium","BE","2016","41,4"
"Belize","2016,Belize","BZ","2016","23,9"
"Benin","2016,Benin","BJ","2016","16,7"
"Bermuda","2016,Bermuda","BM","2016","43,2"
"Bhutan","2016,Bhutan","BT","2016","26,9"
"Bolivia","2016,Bolivia","BO","2016","23,9"
"Bosnia and Herzegovina","2016,Bosnia and Herzegovina","BA","2016","41,6"
"Botswana","2016,Botswana","BW","2016","24,2"
"Brazil","2016,Brazil","BR","2016","31,8"
"Brunei","2016,Brunei","BN","2016","30,0"
"Bulgaria","2016,Bulgaria","BG","2016","42,4"
"Burkina Faso","2016,Burkina Faso","BF","2016","17,0"
"Burma","2016,Burma","MM","2016","28,0"
"Burundi","2016,Burundi","BI","2016","17,2"
"Cabo Verde","2016,Cabo Verde","CV","2016","25,0"
"Cambodia","2016,Cambodia","KH","2016","25,0"
"Cameroon","2016,Cameroon","CM","2016","18,1"
"Canada","2016,Canada","CA","2016","41,1"
"Cayman Islands","2016,Cayman Islands","KY","2016","39,9"
"Central African Republic","2016,Central African Republic","CF","2016","19,2"
"Chad","2016,Chad","TD","2016","15,6"
"Chile","2016,Chile","CL","2016","34,1"
"China","2016,China","CN","2016","37,1"
"Colombia","2016,Colombia","CO","2016","29,9"
"Comoros","2016,Comoros","KM","2016","19,8"
"Congo (Brazzaville)","2016,Congo (Brazzaville)","CG","2016","19,8"
"Congo (Kinshasa)","2016,Congo (Kinshasa)","CD","2016","16,6"
"Cook Islands","2016,Cook Islands","CK","2016","36,5"
"Costa Rica","2016,Costa Rica","CR","2016","31,5"
"Croatia","2016,Croatia","HR","2016","42,7"
"Cuba","2016,Cuba","CU","2016","41,1"
"Curaçao","2016,Curaçao","CW","2016","36,0"
"Cyprus","2016,Cyprus","CY","2016","36,4"
"Czech Republic","2016,Czechia","CZ","2016","41,7"
"Côte d'Ivoire","2016,Côte d'Ivoire","CI","2016","19,5"
"Denmark","2016,Denmark","DK","2016","41,6"
"Djibouti","2016,Djibouti","DJ","2016","23,5"
"Dominica","2016,Dominica","DM","2016","33,2"
"Dominican Republic","2016,Dominican Republic","DO","2016","26,6"
"Ecuador","2016,Ecuador","EC","2016","25,9"
"Egypt","2016,Egypt","EG","2016","23,4"
"El Salvador","2016,El Salvador","SV","2016","26,1"
"Equatorial Guinea","2016,Equatorial Guinea","GQ","2016","20,9"
"Eritrea","2016,Eritrea","ER","2016","19,4"
"Estonia","2016,Estonia","EE","2016","42,4"
"Eswatini","2016,Eswatini","SZ","2016","22,6"
"Ethiopia","2016,Ethiopia","ET","2016","19,4"
"Faroe Islands","2016,Faroe Islands","FO","2016","37,7"
"Fiji","2016,Fiji","FJ","2016","28,8"
"Finland","2016,Finland","FI","2016","42,4"
"France","2016,France","FR","2016","41,4"
"French Polynesia","2016,French Polynesia","PF","2016","31,6"
"Gabon","2016,Gabon","GA","2016","20,1"
"Gambia, The","2016,Gambia, The","GM","2016","18,1"
"Gaza Strip","2016,Gaza Strip","XG","2016","17,1"
"Georgia","2016,Georgia","GE","2016","37,2"
"Germany","2016,Germany","DE","2016","46,1"
"Ghana","2016,Ghana","GH","2016","20,7"
"Gibraltar","2016,Gibraltar","GI","2016","34,9"
"Greece","2016,Greece","GR","2016","44,0"
"Greenland","2016,Greenland","GL","2016","33,8"
"Grenada","2016,Grenada","GD","2016","31,0"
"Guam","2016,Guam","GU","2016","28,8"
"Guatemala","2016,Guatemala","GT","2016","22,0"
"Guernsey","2016,Guernsey","GG","2016","43,6"
"Guinea","2016,Guinea","GN","2016","19,0"
"Guinea-Bissau","2016,Guinea-Bissau","GW","2016","17,7"
"Guyana","2016,Guyana","GY","2016","26,0"
"Haiti","2016,Haiti","HT","2016","22,4"
"Honduras","2016,Honduras","HN","2016","22,6"
"Hong Kong","2016,Hong Kong","HK","2016","44,0"
"Hungary","2016,Hungary","HU","2016","42,0"
"Iceland","2016,Iceland","IS","2016","36,3"
"India","2016,India","IN","2016","27,2"
"Indonesia","2016,Indonesia","ID","2016","29,2"
"Iran","2016,Iran","IR","2016","29,8"
"Iraq","2016,Iraq","IQ","2016","20,3"
"Ireland","2016,Ireland","IE","2016","36,9"
"Isle of Man","2016,Isle of Man","IM","2016","43,9"
"Israel","2016,Israel","IL","2016","29,6"
"Italy","2016,Italy","IT","2016","45,4"
"Jamaica","2016,Jamaica","JM","2016","27,8"
"Japan","2016,Japan","JP","2016","46,7"
"Jersey","2016,Jersey","JE","2016","38,4"
"Jordan","2016,Jordan","JO","2016","22,2"
"Kazakhstan","2016,Kazakhstan","KZ","2016","30,0"
"Kenya","2016,Kenya","KE","2016","19,0"
"Kiribati","2016,Kiribati","KI","2016","24,3"
"Korea, North","2016,Korea, North","KP","2016","33,9"
"Korea, South","2016,Korea, South","KR","2016","41,3"
"Kosovo","2016,Kosovo","XK","2016","28,6"
"Kuwait","2016,Kuwait","KW","2016","29,2"
"Kyrgyzstan","2016,Kyrgyzstan","KG","2016","26,3"
"Laos","2016,Laos","LA","2016","22,5"
"Latvia","2016,Latvia","LV","2016","43,3"
"Lebanon","2016,Lebanon","LB","2016","29,9"
"Lesotho","2016,Lesotho","LS","2016","22,7"
"Liberia","2016,Liberia","LR","2016","18,5"
"Libya","2016,Libya","LY","2016","25,6"
"Liechtenstein","2016,Liechtenstein","LI","2016","42,9"
"Lithuania","2016,Lithuania","LT","2016","43,4"
"Luxembourg","2016,Luxembourg","LU","2016","39,3"
"Macau","2016,Macau","MO","2016","38,6"
"Madagascar","2016,Madagascar","MG","2016","19,6"
"Malawi","2016,Malawi","MW","2016","18,1"
"Malaysia","2016,Malaysia","MY","2016","28,6"
"Maldives","2016,Maldives","MV","2016","27,9"
"Mali","2016,Mali","ML","2016","15,7"
"Malta","2016,Malta","MT","2016","41,4"
"Marshall Islands","2016,Marshall Islands","MH","2016","22,9"
"Mauritania","2016,Mauritania","MR","2016","20,4"
"Mauritius","2016,Mauritius","MU","2016","35,8"
"Mexico","2016,Mexico","MX","2016","28,1"
"Micronesia, Federated States of","2016,Micronesia, Federated States of","FM","2016","24,8"
"Moldova","2016,Moldova","MD","2016","36,5"
"Monaco","2016,Monaco","MC","2016","51,7"
"Mongolia","2016,Mongolia","MN","2016","27,9"
"Montenegro","2016,Montenegro","ME","2016","38,3"
"Montserrat","2016,Montserrat","MS","2016","32,6"
"Morocco","2016,Morocco","MA","2016","27,9"
"Mozambique","2016,Mozambique","MZ","2016","16,8"
"Namibia","2016,Namibia","NA","2016","21,0"
"Nauru","2016,Nauru","NR","2016","26,1"
"Nepal","2016,Nepal","NP","2016","23,7"
"Netherlands","2016,Netherlands","NL","2016","42,6"
"New Caledonia","2016,New Caledonia","NC","2016","31,7"
"New Zealand","2016,New Zealand","NZ","2016","37,0"
"Nicaragua","2016,Nicaragua","NI","2016","25,0"
"Niger","2016,Niger","NE","2016","14,4"
"Nigeria","2016,Nigeria","NG","2016","18,1"
"North Macedonia","2016,North Macedonia","MK","2016","37,5"
"Northern Mariana Islands","2016,Northern Mariana Islands","MP","2016","33,8"
"Norway","2016,Norway","NO","2016","39,3"
"Oman","2016,Oman","OM","2016","25,5"
"Pakistan","2016,Pakistan","PK","2016","21,3"
"Palau","2016,Palau","PW","2016","33,6"
"Panama","2016,Panama","PA","2016","29,1"
"Channel Islands","2016,Channel","CHN","2016","34,3"
"Papua New Guinea","2016,Papua New Guinea","PG","2016","20,8"
"Paraguay","2016,Paraguay","PY","2016","27,9"
"Peru","2016,Peru","PE","2016","28,2"
"Philippines","2016,Philippines","PH","2016","23,8"
"Poland","2016,Poland","PL","2016","40,3"
"Portugal","2016,Portugal","PT","2016","42,8"
"Puerto Rico","2016,Puerto Rico","PR","2016","40,7"
"Qatar","2016,Qatar","QA","2016","33,0"
"Romania","2016,Romania","RO","2016","42,0"
"Russian Federation","2016,Russia","RU","2016","39,4"
"Rwanda","2016,Rwanda","RW","2016","18,8"
"Saint Barthelemy","2016,Saint Barthelemy","BL","2016","43,6"
"Saint Helena, Ascension, and Tristan da Cunha","2016,Saint Helena, Ascension, and Tristan da Cunha","SH","2016","41,5"
"Saint Kitts and Nevis","2016,Saint Kitts and Nevis","KN","2016","34,6"
"Saint Lucia","2016,Saint Lucia","LC","2016","34,2"
"Saint Martin","2016,Saint Martin","MF","2016","32,3"
"Saint Pierre and Miquelon","2016,Saint Pierre and Miquelon","PM","2016","46,0"
"Saint Vincent and the Grenadines","2016,Saint Vincent and the Grenadines","VC","2016","33,1"
"Samoa","2016,Samoa","WS","2016","24,0"
"San Marino","2016,San Marino","SM","2016","44,2"
"Sao Tome and Principe","2016,Sao Tome and Principe","ST","2016","18,3"
"Saudi Arabia","2016,Saudi Arabia","SA","2016","29,0"
"Senegal","2016,Senegal","SN","2016","17,9"
"Serbia","2016,Serbia","RS","2016","42,4"
"Seychelles","2016,Seychelles","SC","2016","34,9"
"Sierra Leone","2016,Sierra Leone","SL","2016","18,2"
"Singapore","2016,Singapore","SG","2016","35,6"
"Sint Maarten","2016,Sint Maarten","SX","2016","40,8"
"Slovak Republic","2016,Slovakia","SK","2016","40,0"
"Slovenia","2016,Slovenia","SI","2016","43,6"
"Solomon Islands","2016,Solomon Islands","SB","2016","22,5"
"Somalia","2016,Somalia","SO","2016","18,0"
"South Africa","2016,South Africa","ZA","2016","28,0"
"South Sudan","2016,South Sudan","SS","2016","17,1"
"Spain","2016,Spain","ES","2016","43,3"
"Sri Lanka","2016,Sri Lanka","LK","2016","32,4"
"Sudan","2016,Sudan","SD","2016","17,5"
"Suriname","2016,Suriname","SR","2016","29,2"
"Sweden","2016,Sweden","SE","2016","41,0"
"Switzerland","2016,Switzerland","CH","2016","42,6"
"Syria","2016,Syria","SY","2016","22,7"
"Taiwan","2016,Taiwan","TW","2016","40,2"
"Tajikistan","2016,Tajikistan","TJ","2016","23,0"
"Tanzania","2016,Tanzania","TZ","2016","18,1"
"Thailand","2016,Thailand","TH","2016","37,8"
"Timor-Leste","2016,Timor-Leste","TL","2016","18,8"
"Togo","2016,Togo","TG","2016","20,0"
"Tonga","2016,Tonga","TO","2016","22,7"
"Trinidad and Tobago","2016,Trinidad and Tobago","TT","2016","34,7"
"Tunisia","2016,Tunisia","TN","2016","31,2"
"Turkiye","2016,Turkey","TR","2016","30,6"
"Turkmenistan","2016,Turkmenistan","TM","2016","27,7"
"Turks and Caicos Islands","2016,Turks and Caicos Islands","TC","2016","32,9"
"Tuvalu","2016,Tuvalu","TV","2016","25,5"
"Uganda","2016,Uganda","UG","2016","15,3"
"Ukraine","2016,Ukraine","UA","2016","40,3"
"United Arab Emirates","2016,United Arab Emirates","AE","2016","34,0"
"United Kingdom","2016,United Kingdom","GB","2016","40,2"
"United States","2016,United States","US","2016","37,9"
"Uruguay","2016,Uruguay","UY","2016","34,8"
"Uzbekistan","2016,Uzbekistan","UZ","2016","26,9"
"Vanuatu","2016,Vanuatu","VU","2016","21,7"
"Venezuela","2016,Venezuela","VE","2016","28,0"
"Vietnam","2016,Vietnam","VN","2016","29,8"
"Virgin Islands, British","2016,Virgin Islands, British","VG","2016","36,3"
"Virgin Islands, U.S.","2016,Virgin Islands, U.S.","VI","2016","40,7"
"Wallis and Futuna","2016,Wallis and Futuna","WF","2016","31,5"
"West Bank","2016,West Bank","XW","2016","20,6"
"Yemen","2016,Yemen","YE","2016","19,3"
"Zambia","2016,Zambia","ZM","2016","17,2"
"Zimbabwe","2016,Zimbabwe","ZW","2016","19,9"
" -> 2017","","","","--"
"Afghanistan","2017,Afghanistan","AF","2017","18,9"
"Albania","2017,Albania","AL","2017","33,0"
"Algeria","2017,Algeria","DZ","2017","27,8"
"American Samoa","2017,American Samoa","AS","2017","25,6"
"Andorra","2017,Andorra","AD","2017","44,3"
"Angola","2017,Angola","AO","2017","15,9"
"Anguilla","2017,Anguilla","AI","2017","34,9"
"Antigua and Barbuda","2017,Antigua and Barbuda","AG","2017","32,0"
"Argentina","2017,Argentina","AR","2017","31,7"
"Armenia","2017,Armenia","AM","2017","35,1"
"Aruba","2017,Aruba","AW","2017","39,3"
"Australia","2017,Australia","AU","2017","37,4"
"Austria","2017,Austria","AT","2017","44,0"
"Azerbaijan","2017,Azerbaijan","AZ","2017","30,8"
"Bahamas, The","2017,Bahamas, The","BS","2017","27,5"
"Bahrain","2017,Bahrain","BH","2017","32,3"
"Bangladesh","2017,Bangladesh","BD","2017","26,7"
"Barbados","2017,Barbados","BB","2017","39,0"
"Belarus","2017,Belarus","BY","2017","39,9"
"Belgium","2017,Belgium","BE","2017","41,4"
"Belize","2017,Belize","BZ","2017","24,3"
"Benin","2017,Benin","BJ","2017","16,8"
"Bermuda","2017,Bermuda","BM","2017","43,3"
"Bhutan","2017,Bhutan","BT","2017","27,4"
"Bolivia","2017,Bolivia","BO","2017","24,2"
"Bosnia and Herzegovina","2017,Bosnia and Herzegovina","BA","2017","42,0"
"Botswana","2017,Botswana","BW","2017","24,5"
"Brazil","2017,Brazil","BR","2017","32,2"
"Brunei","2017,Brunei","BN","2017","30,3"
"Bulgaria","2017,Bulgaria","BG","2017","42,7"
"Burkina Faso","2017,Burkina Faso","BF","2017","17,2"
"Burma","2017,Burma","MM","2017","28,4"
"Burundi","2017,Burundi","BI","2017","17,4"
"Cabo Verde","2017,Cabo Verde","CV","2017","25,5"
"Cambodia","2017,Cambodia","KH","2017","25,4"
"Cameroon","2017,Cameroon","CM","2017","18,2"
"Canada","2017,Canada","CA","2017","41,3"
"Cayman Islands","2017,Cayman Islands","KY","2017","40,1"
"Central African Republic","2017,Central African Republic","CF","2017","19,3"
"Chad","2017,Chad","TD","2017","15,7"
"Chile","2017,Chile","CL","2017","34,4"
"China","2017,China","CN","2017","37,4"
"Colombia","2017,Colombia","CO","2017","30,3"
"Comoros","2017,Comoros","KM","2017","20,0"
"Congo (Brazzaville)","2017,Congo (Brazzaville)","CG","2017","19,9"
"Congo (Kinshasa)","2017,Congo (Kinshasa)","CD","2017","16,6"
"Cook Islands","2017,Cook Islands","CK","2017","37,2"
"Costa Rica","2017,Costa Rica","CR","2017","32,0"
"Croatia","2017,Croatia","HR","2017","43,0"
"Cuba","2017,Cuba","CU","2017","41,5"
"Curaçao","2017,Curaçao","CW","2017","36,1"
"Cyprus","2017,Cyprus","CY","2017","36,8"
"Czech Republic","2017,Czechia","CZ","2017","42,1"
"Côte d'Ivoire","2017,Côte d'Ivoire","CI","2017","19,7"
"Denmark","2017,Denmark","DK","2017","41,8"
"Djibouti","2017,Djibouti","DJ","2017","23,9"
"Dominica","2017,Dominica","DM","2017","33,7"
"Dominican Republic","2017,Dominican Republic","DO","2017","26,9"
"Ecuador","2017,Ecuador","EC","2017","26,1"
"Egypt","2017,Egypt","EG","2017","23,3"
"El Salvador","2017,El Salvador","SV","2017","26,5"
"Equatorial Guinea","2017,Equatorial Guinea","GQ","2017","21,1"
"Eritrea","2017,Eritrea","ER","2017","19,7"
"Estonia","2017,Estonia","EE","2017","42,7"
"Eswatini","2017,Eswatini","SZ","2017","22,9"
"Ethiopia","2017,Ethiopia","ET","2017","19,5"
"Faroe Islands","2017,Faroe Islands","FO","2017","37,7"
"Fiji","2017,Fiji","FJ","2017","29,1"
"Finland","2017,Finland","FI","2017","42,5"
"France","2017,France","FR","2017","41,5"
"French Polynesia","2017,French Polynesia","PF","2017","32,1"
"Gabon","2017,Gabon","GA","2017","20,3"
"Gambia, The","2017,Gambia, The","GM","2017","18,3"
"Gaza Strip","2017,Gaza Strip","XG","2017","17,4"
"Georgia","2017,Georgia","GE","2017","37,2"
"Germany","2017,Germany","DE","2017","46,3"
"Ghana","2017,Ghana","GH","2017","20,7"
"Gibraltar","2017,Gibraltar","GI","2017","35,1"
"Greece","2017,Greece","GR","2017","44,3"
"Greenland","2017,Greenland","GL","2017","33,9"
"Grenada","2017,Grenada","GD","2017","31,6"
"Guam","2017,Guam","GU","2017","28,9"
"Guatemala","2017,Guatemala","GT","2017","22,3"
"Guernsey","2017,Guernsey","GG","2017","43,8"
"Guinea","2017,Guinea","GN","2017","19,0"
"Guinea-Bissau","2017,Guinea-Bissau","GW","2017","17,8"
"Guyana","2017,Guyana","GY","2017","26,2"
"Haiti","2017,Haiti","HT","2017","22,7"
"Honduras","2017,Honduras","HN","2017","23,0"
"Hong Kong","2017,Hong Kong","HK","2017","44,4"
"Hungary","2017,Hungary","HU","2017","42,4"
"Iceland","2017,Iceland","IS","2017","36,5"
"India","2017,India","IN","2017","27,6"
"Indonesia","2017,Indonesia","ID","2017","29,5"
"Iran","2017,Iran","IR","2017","30,3"
"Iraq","2017,Iraq","IQ","2017","20,5"
"Ireland","2017,Ireland","IE","2017","37,3"
"Isle of Man","2017,Isle of Man","IM","2017","44,1"
"Israel","2017,Israel","IL","2017","29,6"
"Italy","2017,Italy","IT","2017","45,8"
"Jamaica","2017,Jamaica","JM","2017","28,2"
"Japan","2017,Japan","JP","2017","47,1"
"Jersey","2017,Jersey","JE","2017","38,0"
"Jordan","2017,Jordan","JO","2017","22,5"
"Kazakhstan","2017,Kazakhstan","KZ","2017","30,3"
"Kenya","2017,Kenya","KE","2017","19,2"
"Kiribati","2017,Kiribati","KI","2017","24,7"
"Korea, North","2017,Korea, North","KP","2017","34,1"
"Korea, South","2017,Korea, South","KR","2017","41,8"
"Kosovo","2017,Kosovo","XK","2017","29,1"
"Kuwait","2017,Kuwait","KW","2017","29,3"
"Kyrgyzstan","2017,Kyrgyzstan","KG","2017","26,5"
"Laos","2017,Laos","LA","2017","22,9"
"Latvia","2017,Latvia","LV","2017","43,6"
"Lebanon","2017,Lebanon","LB","2017","30,5"
"Lesotho","2017,Lesotho","LS","2017","22,8"
"Liberia","2017,Liberia","LR","2017","18,7"
"Libya","2017,Libya","LY","2017","25,7"
"Liechtenstein","2017,Liechtenstein","LI","2017","43,2"
"Lithuania","2017,Lithuania","LT","2017","43,7"
"Luxembourg","2017,Luxembourg","LU","2017","39,3"
"Macau","2017,Macau","MO","2017","39,1"
"Madagascar","2017,Madagascar","MG","2017","19,8"
"Malawi","2017,Malawi","MW","2017","18,3"
"Malaysia","2017,Malaysia","MY","2017","29,0"
"Maldives","2017,Maldives","MV","2017","28,3"
"Mali","2017,Mali","ML","2017","15,8"
"Malta","2017,Malta","MT","2017","41,6"
"Marshall Islands","2017,Marshall Islands","MH","2017","23,0"
"Mauritania","2017,Mauritania","MR","2017","20,6"
"Mauritius","2017,Mauritius","MU","2017","36,4"
"Mexico","2017,Mexico","MX","2017","28,6"
"Micronesia, Federated States of","2017,Micronesia, Federated States of","FM","2017","25,2"
"Moldova","2017,Moldova","MD","2017","37,1"
"Monaco","2017,Monaco","MC","2017","52,3"
"Mongolia","2017,Mongolia","MN","2017","28,3"
"Montenegro","2017,Montenegro","ME","2017","38,6"
"Montserrat","2017,Montserrat","MS","2017","33,2"
"Morocco","2017,Morocco","MA","2017","28,2"
"Mozambique","2017,Mozambique","MZ","2017","16,8"
"Namibia","2017,Namibia","NA","2017","21,2"
"Nauru","2017,Nauru","NR","2017","26,4"
"Nepal","2017,Nepal","NP","2017","24,2"
"Netherlands","2017,Netherlands","NL","2017","42,6"
"New Caledonia","2017,New Caledonia","NC","2017","32,0"
"New Zealand","2017,New Zealand","NZ","2017","37,0"
"Nicaragua","2017,Nicaragua","NI","2017","25,5"
"Niger","2017,Niger","NE","2017","14,5"
"Nigeria","2017,Nigeria","NG","2017","18,2"
"North Macedonia","2017,North Macedonia","MK","2017","37,9"
"Northern Mariana Islands","2017,Northern Mariana Islands","MP","2017","33,6"
"Norway","2017,Norway","NO","2017","39,4"
"Oman","2017,Oman","OM","2017","25,7"
"Pakistan","2017,Pakistan","PK","2017","21,5"
"Palau","2017,Palau","PW","2017","33,8"
"Panama","2017,Panama","PA","2017","29,4"
"Papua New Guinea","2017,Papua New Guinea","PG","2017","20,9"
"Paraguay","2017,Paraguay","PY","2017","28,4"
"Peru","2017,Peru","PE","2017","28,7"
"Philippines","2017,Philippines","PH","2017","24,0"
"Poland","2017,Poland","PL","2017","40,7"
"Portugal","2017,Portugal","PT","2017","43,3"
"Puerto Rico","2017,Puerto Rico","PR","2017","41,5"
"Qatar","2017,Qatar","QA","2017","33,2"
"Romania","2017,Romania","RO","2017","42,5"
"Russian Federation","2017,Russia","RU","2017","39,6"
"Rwanda","2017,Rwanda","RW","2017","19,0"
"Saint Barthelemy","2017,Saint Barthelemy","BL","2017","44,2"
"Saint Helena, Ascension, and Tristan da Cunha","2017,Saint Helena, Ascension, and Tristan da Cunha","SH","2017","42,0"
"Saint Kitts and Nevis","2017,Saint Kitts and Nevis","KN","2017","35,0"
"Saint Lucia","2017,Saint Lucia","LC","2017","34,8"
"Saint Martin","2017,Saint Martin","MF","2017","32,6"
"Saint Pierre and Miquelon","2017,Saint Pierre and Miquelon","PM","2017","46,7"
"Saint Vincent and the Grenadines","2017,Saint Vincent and the Grenadines","VC","2017","33,7"
"Samoa","2017,Samoa","WS","2017","24,4"
"Channel Islands","2017,Channel","CHN","2017","34,3"
"San Marino","2017,San Marino","SM","2017","44,4"
"Sao Tome and Principe","2017,Sao Tome and Principe","ST","2017","18,5"
"Saudi Arabia","2017,Saudi Arabia","SA","2017","29,5"
"Senegal","2017,Senegal","SN","2017","18,0"
"Serbia","2017,Serbia","RS","2017","42,6"
"Seychelles","2017,Seychelles","SC","2017","35,3"
"Sierra Leone","2017,Sierra Leone","SL","2017","18,3"
"Singapore","2017,Singapore","SG","2017","36,0"
"Sint Maarten","2017,Sint Maarten","SX","2017","41,1"
"Slovak Republic","2017,Slovakia","SK","2017","40,5"
"Slovenia","2017,Slovenia","SI","2017","43,9"
"Solomon Islands","2017,Solomon Islands","SB","2017","22,8"
"Somalia","2017,Somalia","SO","2017","18,2"
"South Africa","2017,South Africa","ZA","2017","28,4"
"South Sudan","2017,South Sudan","SS","2017","17,6"
"Spain","2017,Spain","ES","2017","43,8"
"Sri Lanka","2017,Sri Lanka","LK","2017","32,9"
"Sudan","2017,Sudan","SD","2017","17,7"
"Suriname","2017,Suriname","SR","2017","29,6"
"Sweden","2017,Sweden","SE","2017","40,9"
"Switzerland","2017,Switzerland","CH","2017","42,8"
"Syria","2017,Syria","SY","2017","23,0"
"Taiwan","2017,Taiwan","TW","2017","40,7"
"Tajikistan","2017,Tajikistan","TJ","2017","22,9"
"Tanzania","2017,Tanzania","TZ","2017","18,2"
"Thailand","2017,Thailand","TH","2017","38,3"
"Timor-Leste","2017,Timor-Leste","TL","2017","19,0"
"Togo","2017,Togo","TG","2017","20,0"
"Tonga","2017,Tonga","TO","2017","23,0"
"Trinidad and Tobago","2017,Trinidad and Tobago","TT","2017","35,1"
"Tunisia","2017,Tunisia","TN","2017","31,6"
"Turkiye","2017,Turkey","TR","2017","31,0"
"Turkmenistan","2017,Turkmenistan","TM","2017","28,1"
"Turks and Caicos Islands","2017,Turks and Caicos Islands","TC","2017","33,4"
"Tuvalu","2017,Tuvalu","TV","2017","25,8"
"Uganda","2017,Uganda","UG","2017","15,5"
"Ukraine","2017,Ukraine","UA","2017","40,6"
"United Arab Emirates","2017,United Arab Emirates","AE","2017","34,4"
"United Kingdom","2017,United Kingdom","GB","2017","40,1"
"United States","2017,United States","US","2017","38,0"
"Uruguay","2017,Uruguay","UY","2017","35,0"
"Uzbekistan","2017,Uzbekistan","UZ","2017","27,2"
"Vanuatu","2017,Vanuatu","VU","2017","22,0"
"Venezuela","2017,Venezuela","VE","2017","28,4"
"Vietnam","2017,Vietnam","VN","2017","30,2"
"Virgin Islands, British","2017,Virgin Islands, British","VG","2017","36,6"
"Virgin Islands, U.S.","2017,Virgin Islands, U.S.","VI","2017","41,0"
"Wallis and Futuna","2017,Wallis and Futuna","WF","2017","32,1"
"West Bank","2017,West Bank","XW","2017","20,8"
"Yemen","2017,Yemen","YE","2017","19,6"
"Zambia","2017,Zambia","ZM","2017","17,3"
"Zimbabwe","2017,Zimbabwe","ZW","2017","20,0"
" -> 2018","","","","--"
"Afghanistan","2018,Afghanistan","AF","2018","19,1"
"Albania","2018,Albania","AL","2018","33,4"
"Algeria","2018,Algeria","DZ","2018","27,9"
"American Samoa","2018,American Samoa","AS","2018","26,2"
"Andorra","2018,Andorra","AD","2018","44,9"
"Angola","2018,Angola","AO","2018","15,9"
"Anguilla","2018,Anguilla","AI","2018","35,2"
"Antigua and Barbuda","2018,Antigua and Barbuda","AG","2018","32,2"
"Argentina","2018,Argentina","AR","2018","31,9"
"Armenia","2018,Armenia","AM","2018","35,6"
"Aruba","2018,Aruba","AW","2018","39,5"
"Australia","2018,Australia","AU","2018","37,4"
"Austria","2018,Austria","AT","2018","44,2"
"Azerbaijan","2018,Azerbaijan","AZ","2018","31,3"
"Bahamas, The","2018,Bahamas, The","BS","2018","27,8"
"Bahrain","2018,Bahrain","BH","2018","32,5"
"Bangladesh","2018,Bangladesh","BD","2018","27,1"
"Barbados","2018,Barbados","BB","2018","39,3"
"Belarus","2018,Belarus","BY","2018","40,2"
"Belgium","2018,Belgium","BE","2018","41,4"
"Belize","2018,Belize","BZ","2018","24,6"
"Benin","2018,Benin","BJ","2018","16,9"
"Bermuda","2018,Bermuda","BM","2018","43,5"
"Bhutan","2018,Bhutan","BT","2018","27,9"
"Bolivia","2018,Bolivia","BO","2018","24,5"
"Bosnia and Herzegovina","2018,Bosnia and Herzegovina","BA","2018","42,4"
"Botswana","2018,Botswana","BW","2018","24,9"
"Brazil","2018,Brazil","BR","2018","32,6"
"Brunei","2018,Brunei","BN","2018","30,6"
"Bulgaria","2018,Bulgaria","BG","2018","43,0"
"Burkina Faso","2018,Burkina Faso","BF","2018","17,4"
"Burma","2018,Burma","MM","2018","28,7"
"Burundi","2018,Burundi","BI","2018","17,5"
"Cabo Verde","2018,Cabo Verde","CV","2018","26,0"
"Cambodia","2018,Cambodia","KH","2018","25,8"
"Cameroon","2018,Cameroon","CM","2018","18,3"
"Canada","2018,Canada","CA","2018","41,5"
"Cayman Islands","2018,Cayman Islands","KY","2018","40,2"
"Central African Republic","2018,Central African Republic","CF","2018","19,4"
"Chad","2018,Chad","TD","2018","15,8"
"Chile","2018,Chile","CL","2018","34,8"
"China","2018,China","CN","2018","37,7"
"Colombia","2018,Colombia","CO","2018","30,6"
"Comoros","2018,Comoros","KM","2018","20,4"
"Congo (Brazzaville)","2018,Congo (Brazzaville)","CG","2018","20,0"
"Congo (Kinshasa)","2018,Congo (Kinshasa)","CD","2018","16,6"
"Cook Islands","2018,Cook Islands","CK","2018","37,9"
"Costa Rica","2018,Costa Rica","CR","2018","32,5"
"Croatia","2018,Croatia","HR","2018","43,3"
"Cuba","2018,Cuba","CU","2018","41,8"
"Curaçao","2018,Curaçao","CW","2018","36,3"
"Cyprus","2018,Cyprus","CY","2018","37,2"
"Czech Republic","2018,Czechia","CZ","2018","42,5"
"Côte d'Ivoire","2018,Côte d'Ivoire","CI","2018","19,9"
"Denmark","2018,Denmark","DK","2018","41,9"
"Djibouti","2018,Djibouti","DJ","2018","24,3"
"Dominica","2018,Dominica","DM","2018","34,1"
"Dominican Republic","2018,Dominican Republic","DO","2018","27,2"
"Ecuador","2018,Ecuador","EC","2018","26,4"
"Egypt","2018,Egypt","EG","2018","23,3"
"El Salvador","2018,El Salvador","SV","2018","26,9"
"Equatorial Guinea","2018,Equatorial Guinea","GQ","2018","21,2"
"Eritrea","2018,Eritrea","ER","2018","19,9"
"Estonia","2018,Estonia","EE","2018","43,0"
"Eswatini","2018,Eswatini","SZ","2018","23,2"
"Ethiopia","2018,Ethiopia","ET","2018","19,6"
"Faroe Islands","2018,Faroe Islands","FO","2018","37,6"
"Fiji","2018,Fiji","FJ","2018","29,5"
"Finland","2018,Finland","FI","2018","42,6"
"France","2018,France","FR","2018","41,7"
"French Polynesia","2018,French Polynesia","PF","2018","32,5"
"Gabon","2018,Gabon","GA","2018","20,5"
"Gambia, The","2018,Gambia, The","GM","2018","18,6"
"Gaza Strip","2018,Gaza Strip","XG","2018","17,7"
"Georgia","2018,Georgia","GE","2018","37,2"
"Germany","2018,Germany","DE","2018","46,5"
"Ghana","2018,Ghana","GH","2018","20,8"
"Gibraltar","2018,Gibraltar","GI","2018","35,4"
"Greece","2018,Greece","GR","2018","44,6"
"Greenland","2018,Greenland","GL","2018","34,0"
"Grenada","2018,Grenada","GD","2018","32,2"
"Guam","2018,Guam","GU","2018","29,1"
"Guatemala","2018,Guatemala","GT","2018","22,7"
"Guernsey","2018,Guernsey","GG","2018","44,0"
"Guinea","2018,Guinea","GN","2018","19,0"
"Guinea-Bissau","2018,Guinea-Bissau","GW","2018","17,8"
"Guyana","2018,Guyana","GY","2018","26,4"
"Haiti","2018,Haiti","HT","2018","23,0"
"Honduras","2018,Honduras","HN","2018","23,4"
"Hong Kong","2018,Hong Kong","HK","2018","44,8"
"Hungary","2018,Hungary","HU","2018","42,8"
"Iceland","2018,Iceland","IS","2018","36,7"
"India","2018,India","IN","2018","27,9"
"Indonesia","2018,Indonesia","ID","2018","29,8"
"Iran","2018,Iran","IR","2018","30,8"
"Iraq","2018,Iraq","IQ","2018","20,7"
"Ireland","2018,Ireland","IE","2018","37,7"
"Isle of Man","2018,Isle of Man","IM","2018","44,3"
"Israel","2018,Israel","IL","2018","29,7"
"Italy","2018,Italy","IT","2018","46,2"
"Jamaica","2018,Jamaica","JM","2018","28,6"
"Japan","2018,Japan","JP","2018","47,5"
"Jersey","2018,Jersey","JE","2018","37,7"
"Jordan","2018,Jordan","JO","2018","22,8"
"Kazakhstan","2018,Kazakhstan","KZ","2018","30,6"
"Kenya","2018,Kenya","KE","2018","19,5"
"Kiribati","2018,Kiribati","KI","2018","25,1"
"Korea, North","2018,Korea, North","KP","2018","34,4"
"Korea, South","2018,Korea, South","KR","2018","42,3"
"Kosovo","2018,Kosovo","XK","2018","29,5"
"Kuwait","2018,Kuwait","KW","2018","29,4"
"Kyrgyzstan","2018,Kyrgyzstan","KG","2018","26,8"
"Laos","2018,Laos","LA","2018","23,2"
"Latvia","2018,Latvia","LV","2018","43,8"
"Lebanon","2018,Lebanon","LB","2018","31,3"
"Lesotho","2018,Lesotho","LS","2018","22,9"
"Liberia","2018,Liberia","LR","2018","18,9"
"Libya","2018,Libya","LY","2018","25,7"
"Liechtenstein","2018,Liechtenstein","LI","2018","43,4"
"Lithuania","2018,Lithuania","LT","2018","44,0"
"Luxembourg","2018,Luxembourg","LU","2018","39,3"
"Macau","2018,Macau","MO","2018","39,6"
"Madagascar","2018,Madagascar","MG","2018","20,0"
"Malawi","2018,Malawi","MW","2018","18,5"
"Malaysia","2018,Malaysia","MY","2018","29,4"
"Maldives","2018,Maldives","MV","2018","28,7"
"Mali","2018,Mali","ML","2018","15,8"
"Malta","2018,Malta","MT","2018","41,8"
"Marshall Islands","2018,Marshall Islands","MH","2018","23,3"
"Mauritania","2018,Mauritania","MR","2018","20,8"
"Mauritius","2018,Mauritius","MU","2018","37,0"
"Mexico","2018,Mexico","MX","2018","29,0"
"Micronesia, Federated States of","2018,Micronesia, Federated States of","FM","2018","25,6"
"Moldova","2018,Moldova","MD","2018","37,8"
"Monaco","2018,Monaco","MC","2018","52,9"
"Mongolia","2018,Mongolia","MN","2018","28,8"
"Montenegro","2018,Montenegro","ME","2018","38,9"
"Montserrat","2018,Montserrat","MS","2018","33,9"
"Morocco","2018,Morocco","MA","2018","28,6"
"Mozambique","2018,Mozambique","MZ","2018","16,8"
"Namibia","2018,Namibia","NA","2018","21,4"
"Nauru","2018,Nauru","NR","2018","26,7"
"Nepal","2018,Nepal","NP","2018","24,7"
"Netherlands","2018,Netherlands","NL","2018","42,6"
"New Caledonia","2018,New Caledonia","NC","2018","32,3"
"New Zealand","2018,New Zealand","NZ","2018","37,0"
"Nicaragua","2018,Nicaragua","NI","2018","26,0"
"Niger","2018,Niger","NE","2018","14,6"
"Nigeria","2018,Nigeria","NG","2018","18,3"
"North Macedonia","2018,North Macedonia","MK","2018","38,2"
"Northern Mariana Islands","2018,Northern Mariana Islands","MP","2018","33,4"
"Norway","2018,Norway","NO","2018","39,6"
"Oman","2018,Oman","OM","2018","25,9"
"Pakistan","2018,Pakistan","PK","2018","21,7"
"Palau","2018,Palau","PW","2018","34,0"
"Panama","2018,Panama","PA","2018","29,7"
"Papua New Guinea","2018,Papua New Guinea","PG","2018","21,0"
"Paraguay","2018,Paraguay","PY","2018","28,9"
"Peru","2018,Peru","PE","2018","29,1"
"Philippines","2018,Philippines","PH","2018","24,2"
"Poland","2018,Poland","PL","2018","41,0"
"Portugal","2018,Portugal","PT","2018","43,7"
"Puerto Rico","2018,Puerto Rico","PR","2018","42,2"
"Qatar","2018,Qatar","QA","2018","33,4"
"Romania","2018,Romania","RO","2018","43,0"
"Russian Federation","2018,Russia","RU","2018","39,9"
"Rwanda","2018,Rwanda","RW","2018","19,2"
"Saint Barthelemy","2018,Saint Barthelemy","BL","2018","44,7"
"Saint Helena, Ascension, and Tristan da Cunha","2018,Saint Helena, Ascension, and Tristan da Cunha","SH","2018","42,5"
"Saint Kitts and Nevis","2018,Saint Kitts and Nevis","KN","2018","35,5"
"Saint Lucia","2018,Saint Lucia","LC","2018","35,5"
"Saint Martin","2018,Saint Martin","MF","2018","32,8"
"Saint Pierre and Miquelon","2018,Saint Pierre and Miquelon","PM","2018","47,3"
"Saint Vincent and the Grenadines","2018,Saint Vincent and the Grenadines","VC","2018","34,3"
"Samoa","2018,Samoa","WS","2018","24,8"
"Channel Islands","2018,Channel","CHN","2018","34,5"
"San Marino","2018,San Marino","SM","2018","44,7"
"Sao Tome and Principe","2018,Sao Tome and Principe","ST","2018","18,8"
"Saudi Arabia","2018,Saudi Arabia","SA","2018","29,9"
"Senegal","2018,Senegal","SN","2018","18,1"
"Serbia","2018,Serbia","RS","2018","42,8"
"Seychelles","2018,Seychelles","SC","2018","35,8"
"Sierra Leone","2018,Sierra Leone","SL","2018","18,4"
"Singapore","2018,Singapore","SG","2018","36,5"
"Sint Maarten","2018,Sint Maarten","SX","2018","41,3"
"Slovak Republic","2018,Slovakia","SK","2018","40,9"
"Slovenia","2018,Slovenia","SI","2018","44,2"
"Solomon Islands","2018,Solomon Islands","SB","2018","23,1"
"Somalia","2018,Somalia","SO","2018","18,3"
"South Africa","2018,South Africa","ZA","2018","28,7"
"South Sudan","2018,South Sudan","SS","2018","18,1"
"Spain","2018,Spain","ES","2018","44,2"
"Sri Lanka","2018,Sri Lanka","LK","2018","33,2"
"Sudan","2018,Sudan","SD","2018","17,9"
"Suriname","2018,Suriname","SR","2018","29,9"
"Sweden","2018,Sweden","SE","2018","40,7"
"Switzerland","2018,Switzerland","CH","2018","43,0"
"Syria","2018,Syria","SY","2018","23,2"
"Taiwan","2018,Taiwan","TW","2018","41,2"
"Tajikistan","2018,Tajikistan","TJ","2018","22,8"
"Tanzania","2018,Tanzania","TZ","2018","18,3"
"Thailand","2018,Thailand","TH","2018","38,8"
"Timor-Leste","2018,Timor-Leste","TL","2018","19,1"
"Togo","2018,Togo","TG","2018","20,1"
"Tonga","2018,Tonga","TO","2018","23,4"
"Trinidad and Tobago","2018,Trinidad and Tobago","TT","2018","35,4"
"Tunisia","2018,Tunisia","TN","2018","32,0"
"Turkiye","2018,Turkey","TR","2018","31,4"
"Turkmenistan","2018,Turkmenistan","TM","2018","28,5"
"Turks and Caicos Islands","2018,Turks and Caicos Islands","TC","2018","33,9"
"Tuvalu","2018,Tuvalu","TV","2018","26,1"
"Uganda","2018,Uganda","UG","2018","15,5"
"Ukraine","2018,Ukraine","UA","2018","40,8"
"United Arab Emirates","2018,United Arab Emirates","AE","2018","34,7"
"United Kingdom","2018,United Kingdom","GB","2018","40,1"
"United States","2018,United States","US","2018","38,2"
"Uruguay","2018,Uruguay","UY","2018","35,2"
"Uzbekistan","2018,Uzbekistan","UZ","2018","27,6"
"Vanuatu","2018,Vanuatu","VU","2018","22,4"
"Venezuela","2018,Venezuela","VE","2018","29,0"
"Vietnam","2018,Vietnam","VN","2018","30,6"
"Virgin Islands, British","2018,Virgin Islands, British","VG","2018","36,9"
"Virgin Islands, U.S.","2018,Virgin Islands, U.S.","VI","2018","41,3"
"Wallis and Futuna","2018,Wallis and Futuna","WF","2018","32,7"
"West Bank","2018,West Bank","XW","2018","21,0"
"Yemen","2018,Yemen","YE","2018","19,9"
"Zambia","2018,Zambia","ZM","2018","17,4"
"Zimbabwe","2018,Zimbabwe","ZW","2018","20,2"
" -> 2019","","","","--"
"Afghanistan","2019,Afghanistan","AF","2019","19,4"
"Albania","2019,Albania","AL","2019","33,9"
"Algeria","2019,Algeria","DZ","2019","28,1"
"American Samoa","2019,American Samoa","AS","2019","26,8"
"Andorra","2019,Andorra","AD","2019","45,6"
"Angola","2019,Angola","AO","2019","15,9"
"Anguilla","2019,Anguilla","AI","2019","35,5"
"Antigua and Barbuda","2019,Antigua and Barbuda","AG","2019","32,5"
"Argentina","2019,Argentina","AR","2019","32,1"
"Armenia","2019,Armenia","AM","2019","36,1"
"Aruba","2019,Aruba","AW","2019","39,7"
"Australia","2019,Australia","AU","2019","37,4"
"Austria","2019,Austria","AT","2019","44,3"
"Azerbaijan","2019,Azerbaijan","AZ","2019","31,8"
"Bahamas, The","2019,Bahamas, The","BS","2019","28,3"
"Bahrain","2019,Bahrain","BH","2019","32,7"
"Bangladesh","2019,Bangladesh","BD","2019","27,5"
"Barbados","2019,Barbados","BB","2019","39,6"
"Belarus","2019,Belarus","BY","2019","40,5"
"Belgium","2019,Belgium","BE","2019","41,5"
"Belize","2019,Belize","BZ","2019","25,0"
"Benin","2019,Benin","BJ","2019","16,9"
"Bermuda","2019,Bermuda","BM","2019","43,6"
"Bhutan","2019,Bhutan","BT","2019","28,4"
"Bolivia","2019,Bolivia","BO","2019","24,9"
"Bosnia and Herzegovina","2019,Bosnia and Herzegovina","BA","2019","42,9"
"Botswana","2019,Botswana","BW","2019","25,3"
"Brazil","2019,Brazil","BR","2019","33,0"
"Brunei","2019,Brunei","BN","2019","30,9"
"Bulgaria","2019,Bulgaria","BG","2019","43,4"
"Burkina Faso","2019,Burkina Faso","BF","2019","17,6"
"Burma","2019,Burma","MM","2019","29,0"
"Burundi","2019,Burundi","BI","2019","17,6"
"Cabo Verde","2019,Cabo Verde","CV","2019","26,4"
"Cambodia","2019,Cambodia","KH","2019","26,1"
"Cameroon","2019,Cameroon","CM","2019","18,4"
"Canada","2019,Canada","CA","2019","41,6"
"Cayman Islands","2019,Cayman Islands","KY","2019","40,4"
"Central African Republic","2019,Central African Republic","CF","2019","19,6"
"Chad","2019,Chad","TD","2019","15,9"
"Chile","2019,Chile","CL","2019","35,2"
"China","2019,China","CN","2019","38,0"
"Colombia","2019,Colombia","CO","2019","31,0"
"Comoros","2019,Comoros","KM","2019","20,7"
"Congo (Brazzaville)","2019,Congo (Brazzaville)","CG","2019","20,1"
"Congo (Kinshasa)","2019,Congo (Kinshasa)","CD","2019","16,6"
"Cook Islands","2019,Cook Islands","CK","2019","38,5"
"Costa Rica","2019,Costa Rica","CR","2019","32,9"
"Croatia","2019,Croatia","HR","2019","43,6"
"Cuba","2019,Cuba","CU","2019","42,0"
"Curaçao","2019,Curaçao","CW","2019","36,5"
"Cyprus","2019,Cyprus","CY","2019","37,6"
"Czech Republic","2019,Czechia","CZ","2019","42,8"
"Côte d'Ivoire","2019,Côte d'Ivoire","CI","2019","20,1"
"Denmark","2019,Denmark","DK","2019","41,9"
"Djibouti","2019,Djibouti","DJ","2019","24,6"
"Dominica","2019,Dominica","DM","2019","34,6"
"Dominican Republic","2019,Dominican Republic","DO","2019","27,5"
"Ecuador","2019,Ecuador","EC","2019","26,7"
"Egypt","2019,Egypt","EG","2019","23,4"
"El Salvador","2019,El Salvador","SV","2019","27,3"
"Equatorial Guinea","2019,Equatorial Guinea","GQ","2019","21,3"
"Eritrea","2019,Eritrea","ER","2019","20,1"
"Estonia","2019,Estonia","EE","2019","43,3"
"Eswatini","2019,Eswatini","SZ","2019","23,5"
"Ethiopia","2019,Ethiopia","ET","2019","19,7"
"Faroe Islands","2019,Faroe Islands","FO","2019","37,5"
"Fiji","2019,Fiji","FJ","2019","29,8"
"Finland","2019,Finland","FI","2019","42,7"
"France","2019,France","FR","2019","41,8"
"French Polynesia","2019,French Polynesia","PF","2019","33,0"
"Gabon","2019,Gabon","GA","2019","20,8"
"Gambia, The","2019,Gambia, The","GM","2019","18,8"
"Gaza Strip","2019,Gaza Strip","XG","2019","17,9"
"Georgia","2019,Georgia","GE","2019","37,3"
"Germany","2019,Germany","DE","2019","46,6"
"Ghana","2019,Ghana","GH","2019","20,9"
"Gibraltar","2019,Gibraltar","GI","2019","35,7"
"Greece","2019,Greece","GR","2019","44,9"
"Greenland","2019,Greenland","GL","2019","34,2"
"Grenada","2019,Grenada","GD","2019","32,7"
"Guam","2019,Guam","GU","2019","29,3"
"Guatemala","2019,Guatemala","GT","2019","23,0"
"Guernsey","2019,Guernsey","GG","2019","44,2"
"Guinea","2019,Guinea","GN","2019","19,1"
"Guinea-Bissau","2019,Guinea-Bissau","GW","2019","17,9"
"Guyana","2019,Guyana","GY","2019","26,6"
"Haiti","2019,Haiti","HT","2019","23,4"
"Honduras","2019,Honduras","HN","2019","23,8"
"Hong Kong","2019,Hong Kong","HK","2019","45,2"
"Hungary","2019,Hungary","HU","2019","43,2"
"Iceland","2019,Iceland","IS","2019","36,9"
"India","2019,India","IN","2019","28,3"
"Indonesia","2019,Indonesia","ID","2019","30,1"
"Iran","2019,Iran","IR","2019","31,3"
"Iraq","2019,Iraq","IQ","2019","21,0"
"Ireland","2019,Ireland","IE","2019","38,1"
"Isle of Man","2019,Isle of Man","IM","2019","44,5"
"Israel","2019,Israel","IL","2019","29,8"
"Italy","2019,Italy","IT","2019","46,6"
"Jamaica","2019,Jamaica","JM","2019","29,0"
"Japan","2019,Japan","JP","2019","47,8"
"Jersey","2019,Jersey","JE","2019","37,6"
"Jordan","2019,Jordan","JO","2019","23,1"
"Kazakhstan","2019,Kazakhstan","KZ","2019","30,8"
"Kenya","2019,Kenya","KE","2019","19,7"
"Kiribati","2019,Kiribati","KI","2019","25,5"
"Korea, North","2019,Korea, North","KP","2019","34,7"
"Korea, South","2019,Korea, South","KR","2019","42,9"
"Kosovo","2019,Kosovo","XK","2019","30,0"
"Kuwait","2019,Kuwait","KW","2019","29,6"
"Channel Islands","2019,Channel","CHN","2019","34,5"
"Kyrgyzstan","2019,Kyrgyzstan","KG","2019","27,1"
"Laos","2019,Laos","LA","2019","23,5"
"Latvia","2019,Latvia","LV","2019","44,1"
"Lebanon","2019,Lebanon","LB","2019","32,3"
"Lesotho","2019,Lesotho","LS","2019","23,0"
"Liberia","2019,Liberia","LR","2019","19,1"
"Libya","2019,Libya","LY","2019","25,8"
"Liechtenstein","2019,Liechtenstein","LI","2019","43,5"
"Lithuania","2019,Lithuania","LT","2019","44,2"
"Luxembourg","2019,Luxembourg","LU","2019","39,4"
"Macau","2019,Macau","MO","2019","40,0"
"Madagascar","2019,Madagascar","MG","2019","20,2"
"Malawi","2019,Malawi","MW","2019","18,8"
"Malaysia","2019,Malaysia","MY","2019","29,8"
"Maldives","2019,Maldives","MV","2019","29,2"
"Mali","2019,Mali","ML","2019","15,9"
"Malta","2019,Malta","MT","2019","42,0"
"Marshall Islands","2019,Marshall Islands","MH","2019","23,6"
"Mauritania","2019,Mauritania","MR","2019","21,0"
"Mauritius","2019,Mauritius","MU","2019","37,5"
"Mexico","2019,Mexico","MX","2019","29,5"
"Micronesia, Federated States of","2019,Micronesia, Federated States of","FM","2019","26,0"
"Moldova","2019,Moldova","MD","2019","38,4"
"Monaco","2019,Monaco","MC","2019","53,6"
"Mongolia","2019,Mongolia","MN","2019","29,3"
"Montenegro","2019,Montenegro","ME","2019","39,3"
"Montserrat","2019,Montserrat","MS","2019","34,4"
"Morocco","2019,Morocco","MA","2019","28,9"
"Mozambique","2019,Mozambique","MZ","2019","16,9"
"Namibia","2019,Namibia","NA","2019","21,7"
"Nauru","2019,Nauru","NR","2019","26,9"
"Nepal","2019,Nepal","NP","2019","25,1"
"Netherlands","2019,Netherlands","NL","2019","42,5"
"New Caledonia","2019,New Caledonia","NC","2019","32,6"
"New Zealand","2019,New Zealand","NZ","2019","37,1"
"Nicaragua","2019,Nicaragua","NI","2019","26,5"
"Niger","2019,Niger","NE","2019","14,7"
"Nigeria","2019,Nigeria","NG","2019","18,5"
"North Macedonia","2019,North Macedonia","MK","2019","38,6"
"Northern Mariana Islands","2019,Northern Mariana Islands","MP","2019","33,2"
"Norway","2019,Norway","NO","2019","39,8"
"Oman","2019,Oman","OM","2019","26,2"
"Pakistan","2019,Pakistan","PK","2019","21,9"
"Palau","2019,Palau","PW","2019","34,2"
"Panama","2019,Panama","PA","2019","30,0"
"Papua New Guinea","2019,Papua New Guinea","PG","2019","21,1"
"Paraguay","2019,Paraguay","PY","2019","29,4"
"Peru","2019,Peru","PE","2019","29,4"
"Philippines","2019,Philippines","PH","2019","24,5"
"Poland","2019,Poland","PL","2019","41,4"
"Portugal","2019,Portugal","PT","2019","44,2"
"Puerto Rico","2019,Puerto Rico","PR","2019","42,9"
"Qatar","2019,Qatar","QA","2019","33,6"
"Romania","2019,Romania","RO","2019","43,4"
"Russian Federation","2019,Russia","RU","2019","40,2"
"Rwanda","2019,Rwanda","RW","2019","19,4"
"Saint Barthelemy","2019,Saint Barthelemy","BL","2019","45,2"
"Saint Helena, Ascension, and Tristan da Cunha","2019,Saint Helena, Ascension, and Tristan da Cunha","SH","2019","42,9"
"Saint Kitts and Nevis","2019,Saint Kitts and Nevis","KN","2019","36,0"
"Saint Lucia","2019,Saint Lucia","LC","2019","36,2"
"Saint Martin","2019,Saint Martin","MF","2019","33,1"
"Saint Pierre and Miquelon","2019,Saint Pierre and Miquelon","PM","2019","48,0"
"Saint Vincent and the Grenadines","2019,Saint Vincent and the Grenadines","VC","2019","34,8"
"Samoa","2019,Samoa","WS","2019","25,2"
"San Marino","2019,San Marino","SM","2019","45,0"
"Sao Tome and Principe","2019,Sao Tome and Principe","ST","2019","19,1"
"Saudi Arabia","2019,Saudi Arabia","SA","2019","30,3"
"Senegal","2019,Senegal","SN","2019","18,3"
"Serbia","2019,Serbia","RS","2019","43,0"
"Seychelles","2019,Seychelles","SC","2019","36,3"
"Sierra Leone","2019,Sierra Leone","SL","2019","18,6"
"Singapore","2019,Singapore","SG","2019","37,0"
"Sint Maarten","2019,Sint Maarten","SX","2019","41,4"
"Slovak Republic","2019,Slovakia","SK","2019","41,3"
"Slovenia","2019,Slovenia","SI","2019","44,5"
"Solomon Islands","2019,Solomon Islands","SB","2019","23,5"
"Somalia","2019,Somalia","SO","2019","18,4"
"South Africa","2019,South Africa","ZA","2019","29,1"
"South Sudan","2019,South Sudan","SS","2019","18,4"
"Spain","2019,Spain","ES","2019","44,6"
"Sri Lanka","2019,Sri Lanka","LK","2019","33,5"
"Sudan","2019,Sudan","SD","2019","18,1"
"Suriname","2019,Suriname","SR","2019","30,2"
"Sweden","2019,Sweden","SE","2019","40,7"
"Switzerland","2019,Switzerland","CH","2019","43,3"
"Syria","2019,Syria","SY","2019","23,3"
"Taiwan","2019,Taiwan","TW","2019","41,8"
"Tajikistan","2019,Tajikistan","TJ","2019","22,8"
"Tanzania","2019,Tanzania","TZ","2019","18,4"
"Thailand","2019,Thailand","TH","2019","39,2"
"Timor-Leste","2019,Timor-Leste","TL","2019","19,4"
"Togo","2019,Togo","TG","2019","20,1"
"Tonga","2019,Tonga","TO","2019","23,8"
"Trinidad and Tobago","2019,Trinidad and Tobago","TT","2019","35,7"
"Tunisia","2019,Tunisia","TN","2019","32,3"
"Turkiye","2019,Turkey","TR","2019","31,9"
"Turkmenistan","2019,Turkmenistan","TM","2019","29,0"
"Turks and Caicos Islands","2019,Turks and Caicos Islands","TC","2019","34,3"
"Tuvalu","2019,Tuvalu","TV","2019","26,4"
"Uganda","2019,Uganda","UG","2019","15,6"
"Ukraine","2019,Ukraine","UA","2019","41,0"
"United Arab Emirates","2019,United Arab Emirates","AE","2019","35,0"
"United Kingdom","2019,United Kingdom","GB","2019","40,2"
"United States","2019,United States","US","2019","38,4"
"Uruguay","2019,Uruguay","UY","2019","35,3"
"Uzbekistan","2019,Uzbekistan","UZ","2019","27,9"
"Vanuatu","2019,Vanuatu","VU","2019","22,7"
"Venezuela","2019,Venezuela","VE","2019","29,6"
"Vietnam","2019,Vietnam","VN","2019","31,0"
"Virgin Islands, British","2019,Virgin Islands, British","VG","2019","37,1"
"Virgin Islands, U.S.","2019,Virgin Islands, U.S.","VI","2019","41,6"
"Wallis and Futuna","2019,Wallis and Futuna","WF","2019","33,3"
"West Bank","2019,West Bank","XW","2019","21,1"
"Yemen","2019,Yemen","YE","2019","20,2"
"Zambia","2019,Zambia","ZM","2019","17,5"
"Zimbabwe","2019,Zimbabwe","ZW","2019","20,4"
" -> 2020","","","","--"
"Afghanistan","2020,Afghanistan","AF","2020","19,6"
"Albania","2020,Albania","AL","2020","34,3"
"Algeria","2020,Algeria","DZ","2020","28,3"
"American Samoa","2020,American Samoa","AS","2020","27,5"
"Andorra","2020,Andorra","AD","2020","46,2"
"Angola","2020,Angola","AO","2020","15,9"
"Anguilla","2020,Anguilla","AI","2020","35,8"
"Antigua and Barbuda","2020,Antigua and Barbuda","AG","2020","32,8"
"Argentina","2020,Argentina","AR","2020","32,4"
"Armenia","2020,Armenia","AM","2020","36,6"
"Aruba","2020,Aruba","AW","2020","39,9"
"Australia","2020,Australia","AU","2020","37,5"
"Austria","2020,Austria","AT","2020","44,5"
"Azerbaijan","2020,Azerbaijan","AZ","2020","32,3"
"Bahamas, The","2020,Bahamas, The","BS","2020","28,8"
"Bahrain","2020,Bahrain","BH","2020","32,9"
"Bangladesh","2020,Bangladesh","BD","2020","27,9"
"Barbados","2020,Barbados","BB","2020","39,9"
"Belarus","2020,Belarus","BY","2020","40,8"
"Belgium","2020,Belgium","BE","2020","41,5"
"Belize","2020,Belize","BZ","2020","25,4"
"Benin","2020,Benin","BJ","2020","17,0"
"Bermuda","2020,Bermuda","BM","2020","43,6"
"Bhutan","2020,Bhutan","BT","2020","28,8"
"Bolivia","2020,Bolivia","BO","2020","25,2"
"Bosnia and Herzegovina","2020,Bosnia and Herzegovina","BA","2020","43,3"
"Botswana","2020,Botswana","BW","2020","25,7"
"Brazil","2020,Brazil","BR","2020","33,5"
"Brunei","2020,Brunei","BN","2020","31,2"
"Bulgaria","2020,Bulgaria","BG","2020","43,7"
"Burkina Faso","2020,Burkina Faso","BF","2020","17,9"
"Burma","2020,Burma","MM","2020","29,4"
"Burundi","2020,Burundi","BI","2020","17,8"
"Cabo Verde","2020,Cabo Verde","CV","2020","26,9"
"Cambodia","2020,Cambodia","KH","2020","26,5"
"Cameroon","2020,Cameroon","CM","2020","18,5"
"Canada","2020,Canada","CA","2020","41,8"
"Cayman Islands","2020,Cayman Islands","KY","2020","40,6"
"Central African Republic","2020,Central African Republic","CF","2020","19,7"
"Chad","2020,Chad","TD","2020","16,1"
"Chile","2020,Chile","CL","2020","35,5"
"China","2020,China","CN","2020","38,5"
"Colombia","2020,Colombia","CO","2020","31,4"
"Comoros","2020,Comoros","KM","2020","21,1"
"Congo (Brazzaville)","2020,Congo (Brazzaville)","CG","2020","20,2"
"Congo (Kinshasa)","2020,Congo (Kinshasa)","CD","2020","16,7"
"Cook Islands","2020,Cook Islands","CK","2020","39,1"
"Costa Rica","2020,Costa Rica","CR","2020","33,5"
"Croatia","2020,Croatia","HR","2020","43,9"
"Cuba","2020,Cuba","CU","2020","42,2"
"Curaçao","2020,Curaçao","CW","2020","36,7"
"Cyprus","2020,Cyprus","CY","2020","38,0"
"Czech Republic","2020,Czechia","CZ","2020","43,2"
"Côte d'Ivoire","2020,Côte d'Ivoire","CI","2020","20,3"
"Denmark","2020,Denmark","DK","2020","42,0"
"Djibouti","2020,Djibouti","DJ","2020","25,0"
"Dominica","2020,Dominica","DM","2020","35,1"
"Dominican Republic","2020,Dominican Republic","DO","2020","27,8"
"Ecuador","2020,Ecuador","EC","2020","27,0"
"Egypt","2020,Egypt","EG","2020","23,5"
"El Salvador","2020,El Salvador","SV","2020","27,8"
"Equatorial Guinea","2020,Equatorial Guinea","GQ","2020","21,4"
"Eritrea","2020,Eritrea","ER","2020","20,3"
"Estonia","2020,Estonia","EE","2020","43,6"
"Eswatini","2020,Eswatini","SZ","2020","23,8"
"Ethiopia","2020,Ethiopia","ET","2020","19,8"
"Faroe Islands","2020,Faroe Islands","FO","2020","37,3"
"Fiji","2020,Fiji","FJ","2020","30,2"
"Finland","2020,Finland","FI","2020","42,8"
"France","2020,France","FR","2020","41,9"
"French Polynesia","2020,French Polynesia","PF","2020","33,4"
"Gabon","2020,Gabon","GA","2020","21,0"
"Gambia, The","2020,Gambia, The","GM","2020","19,1"
"Gaza Strip","2020,Gaza Strip","XG","2020","18,2"
"Georgia","2020,Georgia","GE","2020","37,4"
"Germany","2020,Germany","DE","2020","46,6"
"Ghana","2020,Ghana","GH","2020","21,0"
"Gibraltar","2020,Gibraltar","GI","2020","35,9"
"Greece","2020,Greece","GR","2020","45,3"
"Greenland","2020,Greenland","GL","2020","34,4"
"Grenada","2020,Grenada","GD","2020","33,3"
"Guam","2020,Guam","GU","2020","29,4"
"Guatemala","2020,Guatemala","GT","2020","23,4"
"Guernsey","2020,Guernsey","GG","2020","44,4"
"Guinea","2020,Guinea","GN","2020","19,1"
"Guinea-Bissau","2020,Guinea-Bissau","GW","2020","18,0"
"Guyana","2020,Guyana","GY","2020","26,9"
"Haiti","2020,Haiti","HT","2020","23,7"
"Honduras","2020,Honduras","HN","2020","24,3"
"Hong Kong","2020,Hong Kong","HK","2020","45,6"
"Hungary","2020,Hungary","HU","2020","43,6"
"Iceland","2020,Iceland","IS","2020","37,1"
"India","2020,India","IN","2020","28,6"
"Indonesia","2020,Indonesia","ID","2020","30,3"
"Iran","2020,Iran","IR","2020","31,8"
"Iraq","2020,Iraq","IQ","2020","21,2"
"Ireland","2020,Ireland","IE","2020","38,6"
"Isle of Man","2020,Isle of Man","IM","2020","44,6"
"Israel","2020,Israel","IL","2020","29,9"
"Italy","2020,Italy","IT","2020","47,0"
"Jamaica","2020,Jamaica","JM","2020","29,3"
"Japan","2020,Japan","JP","2020","48,2"
"Jersey","2020,Jersey","JE","2020","37,6"
"Jordan","2020,Jordan","JO","2020","23,5"
"Kazakhstan","2020,Kazakhstan","KZ","2020","31,1"
"Kenya","2020,Kenya","KE","2020","20,0"
"Kiribati","2020,Kiribati","KI","2020","25,8"
"Korea, North","2020,Korea, North","KP","2020","34,9"
"Korea, South","2020,Korea, South","KR","2020","43,4"
"Kosovo","2020,Kosovo","XK","2020","30,4"
"Kuwait","2020,Kuwait","KW","2020","29,7"
"Kyrgyzstan","2020,Kyrgyzstan","KG","2020","27,4"
"Laos","2020,Laos","LA","2020","23,8"
"Latvia","2020,Latvia","LV","2020","44,4"
"Lebanon","2020,Lebanon","LB","2020","33,7"
"Lesotho","2020,Lesotho","LS","2020","23,2"
"Liberia","2020,Liberia","LR","2020","19,3"
"Libya","2020,Libya","LY","2020","25,8"
"Liechtenstein","2020,Liechtenstein","LI","2020","43,7"
"Lithuania","2020,Lithuania","LT","2020","44,4"
"Luxembourg","2020,Luxembourg","LU","2020","39,5"
"Macau","2020,Macau","MO","2020","40,5"
"Madagascar","2020,Madagascar","MG","2020","20,4"
"Malawi","2020,Malawi","MW","2020","19,1"
"Malaysia","2020,Malaysia","MY","2020","30,2"
"Maldives","2020,Maldives","MV","2020","29,7"
"Mali","2020,Mali","ML","2020","16,0"
"Malta","2020,Malta","MT","2020","42,3"
"Marshall Islands","2020,Marshall Islands","MH","2020","23,9"
"Mauritania","2020,Mauritania","MR","2020","21,2"
"Mauritius","2020,Mauritius","MU","2020","38,0"
"Mexico","2020,Mexico","MX","2020","29,9"
"Micronesia, Federated States of","2020,Micronesia, Federated States of","FM","2020","26,5"
"Moldova","2020,Moldova","MD","2020","39,0"
"Monaco","2020,Monaco","MC","2020","54,2"
"Mongolia","2020,Mongolia","MN","2020","29,8"
"Montenegro","2020,Montenegro","ME","2020","39,6"
"Montserrat","2020,Montserrat","MS","2020","34,9"
"Morocco","2020,Morocco","MA","2020","29,2"
"Mozambique","2020,Mozambique","MZ","2020","17,0"
"Namibia","2020,Namibia","NA","2020","21,9"
"Nauru","2020,Nauru","NR","2020","27,1"
"Nepal","2020,Nepal","NP","2020","25,6"
"Netherlands","2020,Netherlands","NL","2020","42,5"
"New Caledonia","2020,New Caledonia","NC","2020","32,9"
"New Zealand","2020,New Zealand","NZ","2020","37,2"
"Nicaragua","2020,Nicaragua","NI","2020","27,0"
"Niger","2020,Niger","NE","2020","14,8"
"Nigeria","2020,Nigeria","NG","2020","18,6"
"North Macedonia","2020,North Macedonia","MK","2020","39,0"
"Northern Mariana Islands","2020,Northern Mariana Islands","MP","2020","32,9"
"Norway","2020,Norway","NO","2020","40,0"
"Oman","2020,Oman","OM","2020","26,4"
"Pakistan","2020,Pakistan","PK","2020","22,1"
"Palau","2020,Palau","PW","2020","34,4"
"Panama","2020,Panama","PA","2020","30,3"
"Papua New Guinea","2020,Papua New Guinea","PG","2020","21,2"
"Paraguay","2020,Paraguay","PY","2020","29,9"
"Peru","2020,Peru","PE","2020","29,7"
"Philippines","2020,Philippines","PH","2020","24,8"
"Poland","2020,Poland","PL","2020","41,8"
"Channel Islands","2020,Channel","CHN","2020","34,9"
"Portugal","2020,Portugal","PT","2020","44,7"
"Puerto Rico","2020,Puerto Rico","PR","2020","43,6"
"Qatar","2020,Qatar","QA","2020","33,8"
"Romania","2020,Romania","RO","2020","43,9"
"Russian Federation","2020,Russia","RU","2020","40,5"
"Rwanda","2020,Rwanda","RW","2020","19,7"
"Saint Barthelemy","2020,Saint Barthelemy","BL","2020","45,7"
"Saint Helena, Ascension, and Tristan da Cunha","2020,Saint Helena, Ascension, and Tristan da Cunha","SH","2020","43,4"
"Saint Kitts and Nevis","2020,Saint Kitts and Nevis","KN","2020","36,6"
"Saint Lucia","2020,Saint Lucia","LC","2020","36,9"
"Saint Martin","2020,Saint Martin","MF","2020","33,3"
"Saint Pierre and Miquelon","2020,Saint Pierre and Miquelon","PM","2020","48,7"
"Saint Vincent and the Grenadines","2020,Saint Vincent and the Grenadines","VC","2020","35,4"
"Samoa","2020,Samoa","WS","2020","25,6"
"San Marino","2020,San Marino","SM","2020","45,2"
"Sao Tome and Principe","2020,Sao Tome and Principe","ST","2020","19,4"
"Saudi Arabia","2020,Saudi Arabia","SA","2020","30,8"
"Senegal","2020,Senegal","SN","2020","18,4"
"Serbia","2020,Serbia","RS","2020","43,2"
"Seychelles","2020,Seychelles","SC","2020","36,7"
"Sierra Leone","2020,Sierra Leone","SL","2020","18,7"
"Singapore","2020,Singapore","SG","2020","37,5"
"Sint Maarten","2020,Sint Maarten","SX","2020","41,3"
"Slovak Republic","2020,Slovakia","SK","2020","41,7"
"Slovenia","2020,Slovenia","SI","2020","44,9"
"Solomon Islands","2020,Solomon Islands","SB","2020","23,8"
"Somalia","2020,Somalia","SO","2020","18,6"
"South Africa","2020,South Africa","ZA","2020","29,4"
"South Sudan","2020,South Sudan","SS","2020","18,6"
"Spain","2020,Spain","ES","2020","45,0"
"Sri Lanka","2020,Sri Lanka","LK","2020","33,7"
"Sudan","2020,Sudan","SD","2020","18,3"
"Suriname","2020,Suriname","SR","2020","30,6"
"Sweden","2020,Sweden","SE","2020","40,8"
"Switzerland","2020,Switzerland","CH","2020","43,5"
"Syria","2020,Syria","SY","2020","23,5"
"Taiwan","2020,Taiwan","TW","2020","42,4"
"Tajikistan","2020,Tajikistan","TJ","2020","22,7"
"Tanzania","2020,Tanzania","TZ","2020","18,5"
"Thailand","2020,Thailand","TH","2020","39,7"
"Timor-Leste","2020,Timor-Leste","TL","2020","19,6"
"Togo","2020,Togo","TG","2020","20,2"
"Tonga","2020,Tonga","TO","2020","24,2"
"Trinidad and Tobago","2020,Trinidad and Tobago","TT","2020","36,4"
"Tunisia","2020,Tunisia","TN","2020","32,7"
"Turkiye","2020,Turkey","TR","2020","32,3"
"Turkmenistan","2020,Turkmenistan","TM","2020","29,4"
"Turks and Caicos Islands","2020,Turks and Caicos Islands","TC","2020","34,7"
"Tuvalu","2020,Tuvalu","TV","2020","26,7"
"Uganda","2020,Uganda","UG","2020","15,7"
"Ukraine","2020,Ukraine","UA","2020","41,3"
"United Arab Emirates","2020,United Arab Emirates","AE","2020","35,2"
"United Kingdom","2020,United Kingdom","GB","2020","40,3"
"United States","2020,United States","US","2020","38,5"
"Uruguay","2020,Uruguay","UY","2020","35,5"
"Uzbekistan","2020,Uzbekistan","UZ","2020","28,1"
"Vanuatu","2020,Vanuatu","VU","2020","23,1"
"Venezuela","2020,Venezuela","VE","2020","30,1"
"Vietnam","2020,Vietnam","VN","2020","31,4"
"Virgin Islands, British","2020,Virgin Islands, British","VG","2020","37,4"
"Virgin Islands, U.S.","2020,Virgin Islands, U.S.","VI","2020","41,9"
"Wallis and Futuna","2020,Wallis and Futuna","WF","2020","34,0"
"West Bank","2020,West Bank","XW","2020","21,3"
"Yemen","2020,Yemen","YE","2020","20,6"
"Zambia","2020,Zambia","ZM","2020","17,7"
"Zimbabwe","2020,Zimbabwe","ZW","2020","20,5"
" -> 2021","","","","--"
"Afghanistan","2021,Afghanistan","AF","2021","19,8"
"Albania","2021,Albania","AL","2021","34,8"
"Algeria","2021,Algeria","DZ","2021","28,5"
"American Samoa","2021,American Samoa","AS","2021","28,1"
"Andorra","2021,Andorra","AD","2021","46,9"
"Angola","2021,Angola","AO","2021","16,0"
"Anguilla","2021,Anguilla","AI","2021","36,2"
"Antigua and Barbuda","2021,Antigua and Barbuda","AG","2021","33,1"
"Argentina","2021,Argentina","AR","2021","32,6"
"Armenia","2021,Armenia","AM","2021","37,1"
"Aruba","2021,Aruba","AW","2021","40,1"
"Australia","2021,Australia","AU","2021","37,6"
"Austria","2021,Austria","AT","2021","44,6"
"Azerbaijan","2021,Azerbaijan","AZ","2021","32,8"
"Bahamas, The","2021,Bahamas, The","BS","2021","29,3"
"Bahrain","2021,Bahrain","BH","2021","33,1"
"Bangladesh","2021,Bangladesh","BD","2021","28,3"
"Barbados","2021,Barbados","BB","2021","40,3"
"Belarus","2021,Belarus","BY","2021","41,1"
"Belgium","2021,Belgium","BE","2021","41,6"
"Belize","2021,Belize","BZ","2021","25,7"
"Benin","2021,Benin","BJ","2021","17,0"
"Bermuda","2021,Bermuda","BM","2021","43,7"
"Bhutan","2021,Bhutan","BT","2021","29,3"
"Bolivia","2021,Bolivia","BO","2021","25,5"
"Bosnia and Herzegovina","2021,Bosnia and Herzegovina","BA","2021","43,6"
"Botswana","2021,Botswana","BW","2021","26,0"
"Brazil","2021,Brazil","BR","2021","33,9"
"Brunei","2021,Brunei","BN","2021","31,5"
"Bulgaria","2021,Bulgaria","BG","2021","44,0"
"Burkina Faso","2021,Burkina Faso","BF","2021","18,1"
"Burma","2021,Burma","MM","2021","29,7"
"Burundi","2021,Burundi","BI","2021","17,9"
"Cabo Verde","2021,Cabo Verde","CV","2021","27,4"
"Cambodia","2021,Cambodia","KH","2021","26,9"
"Cameroon","2021,Cameroon","CM","2021","18,6"
"Canada","2021,Canada","CA","2021","42,0"
"Cayman Islands","2021,Cayman Islands","KY","2021","40,7"
"Central African Republic","2021,Central African Republic","CF","2021","19,9"
"Chad","2021,Chad","TD","2021","16,2"
"Chile","2021,Chile","CL","2021","35,9"
"China","2021,China","CN","2021","39,0"
"Colombia","2021,Colombia","CO","2021","31,7"
"Comoros","2021,Comoros","KM","2021","21,4"
"Congo (Brazzaville)","2021,Congo (Brazzaville)","CG","2021","20,3"
"Congo (Kinshasa)","2021,Congo (Kinshasa)","CD","2021","16,7"
"Cook Islands","2021,Cook Islands","CK","2021","39,6"
"Costa Rica","2021,Costa Rica","CR","2021","34,0"
"Croatia","2021,Croatia","HR","2021","44,2"
"Cuba","2021,Cuba","CU","2021","42,2"
"Curaçao","2021,Curaçao","CW","2021","37,0"
"Cyprus","2021,Cyprus","CY","2021","38,3"
"Czech Republic","2021,Czechia","CZ","2021","43,4"
"Côte d'Ivoire","2021,Côte d'Ivoire","CI","2021","20,5"
"Denmark","2021,Denmark","DK","2021","42,1"
"Djibouti","2021,Djibouti","DJ","2021","25,3"
"Dominica","2021,Dominica","DM","2021","35,6"
"Dominican Republic","2021,Dominican Republic","DO","2021","28,2"
"Ecuador","2021,Ecuador","EC","2021","27,2"
"Egypt","2021,Egypt","EG","2021","23,7"
"El Salvador","2021,El Salvador","SV","2021","28,2"
"Equatorial Guinea","2021,Equatorial Guinea","GQ","2021","21,6"
"Eritrea","2021,Eritrea","ER","2021","20,4"
"Estonia","2021,Estonia","EE","2021","44,0"
"Eswatini","2021,Eswatini","SZ","2021","23,9"
"Ethiopia","2021,Ethiopia","ET","2021","19,9"
"Faroe Islands","2021,Faroe Islands","FO","2021","37,0"
"Fiji","2021,Fiji","FJ","2021","30,5"
"Finland","2021,Finland","FI","2021","42,9"
"France","2021,France","FR","2021","42,1"
"French Polynesia","2021,French Polynesia","PF","2021","33,9"
"Gabon","2021,Gabon","GA","2021","21,3"
"Gambia, The","2021,Gambia, The","GM","2021","19,3"
"Gaza Strip","2021,Gaza Strip","XG","2021","18,5"
"Georgia","2021,Georgia","GE","2021","37,5"
"Germany","2021,Germany","DE","2021","46,6"
"Ghana","2021,Ghana","GH","2021","21,1"
"Gibraltar","2021,Gibraltar","GI","2021","36,1"
"Greece","2021,Greece","GR","2021","45,6"
"Greenland","2021,Greenland","GL","2021","34,6"
"Grenada","2021,Grenada","GD","2021","33,9"
"Guam","2021,Guam","GU","2021","29,6"
"Guatemala","2021,Guatemala","GT","2021","23,7"
"Guernsey","2021,Guernsey","GG","2021","44,5"
"Guinea","2021,Guinea","GN","2021","19,2"
"Guinea-Bissau","2021,Guinea-Bissau","GW","2021","18,1"
"Guyana","2021,Guyana","GY","2021","27,2"
"Haiti","2021,Haiti","HT","2021","24,0"
"Honduras","2021,Honduras","HN","2021","24,6"
"Hong Kong","2021,Hong Kong","HK","2021","46,0"
"Hungary","2021,Hungary","HU","2021","44,0"
"Iceland","2021,Iceland","IS","2021","37,4"
"India","2021,India","IN","2021","28,9"
"Indonesia","2021,Indonesia","ID","2021","30,6"
"Iran","2021,Iran","IR","2021","32,3"
"Iraq","2021,Iraq","IQ","2021","21,5"
"Ireland","2021,Ireland","IE","2021","39,0"
"Isle of Man","2021,Isle of Man","IM","2021","44,7"
"Israel","2021,Israel","IL","2021","29,9"
"Italy","2021,Italy","IT","2021","47,4"
"Jamaica","2021,Jamaica","JM","2021","29,7"
"Japan","2021,Japan","JP","2021","48,7"
"Jersey","2021,Jersey","JE","2021","37,6"
"Jordan","2021,Jordan","JO","2021","23,9"
"Kazakhstan","2021,Kazakhstan","KZ","2021","31,3"
"Kenya","2021,Kenya","KE","2021","20,3"
"Kiribati","2021,Kiribati","KI","2021","26,2"
"Korea, North","2021,Korea, North","KP","2021","35,2"
"Korea, South","2021,Korea, South","KR","2021","43,9"
"Kosovo","2021,Kosovo","XK","2021","30,8"
"Kuwait","2021,Kuwait","KW","2021","29,8"
"Kyrgyzstan","2021,Kyrgyzstan","KG","2021","27,6"
"Laos","2021,Laos","LA","2021","24,2"
"Latvia","2021,Latvia","LV","2021","44,7"
"Lebanon","2021,Lebanon","LB","2021","34,8"
"Lesotho","2021,Lesotho","LS","2021","23,3"
"Liberia","2021,Liberia","LR","2021","19,4"
"Libya","2021,Libya","LY","2021","25,9"
"Liechtenstein","2021,Liechtenstein","LI","2021","43,8"
"Lithuania","2021,Lithuania","LT","2021","44,6"
"Luxembourg","2021,Luxembourg","LU","2021","39,6"
"Macau","2021,Macau","MO","2021","41,0"
"Madagascar","2021,Madagascar","MG","2021","20,6"
"Malawi","2021,Malawi","MW","2021","19,4"
"Malaysia","2021,Malaysia","MY","2021","30,6"
"Maldives","2021,Maldives","MV","2021","30,2"
"Mali","2021,Mali","ML","2021","16,1"
"Malta","2021,Malta","MT","2021","42,6"
"Marshall Islands","2021,Marshall Islands","MH","2021","24,3"
"Mauritania","2021,Mauritania","MR","2021","21,5"
"Mauritius","2021,Mauritius","MU","2021","38,5"
"Mexico","2021,Mexico","MX","2021","30,2"
"Micronesia, Federated States of","2021,Micronesia, Federated States of","FM","2021","26,9"
"Moldova","2021,Moldova","MD","2021","39,3"
"Monaco","2021,Monaco","MC","2021","54,9"
"Mongolia","2021,Mongolia","MN","2021","30,3"
"Montenegro","2021,Montenegro","ME","2021","40,0"
"Montserrat","2021,Montserrat","MS","2021","35,4"
"Morocco","2021,Morocco","MA","2021","29,6"
"Mozambique","2021,Mozambique","MZ","2021","17,0"
"Namibia","2021,Namibia","NA","2021","22,1"
"Nauru","2021,Nauru","NR","2021","27,2"
"Nepal","2021,Nepal","NP","2021","26,1"
"Netherlands","2021,Netherlands","NL","2021","42,4"
"New Caledonia","2021,New Caledonia","NC","2021","33,3"
"New Zealand","2021,New Zealand","NZ","2021","37,3"
"Nicaragua","2021,Nicaragua","NI","2021","27,5"
"Niger","2021,Niger","NE","2021","14,9"
"Nigeria","2021,Nigeria","NG","2021","18,8"
"North Macedonia","2021,North Macedonia","MK","2021","39,3"
"Northern Mariana Islands","2021,Northern Mariana Islands","MP","2021","32,6"
"Norway","2021,Norway","NO","2021","40,2"
"Oman","2021,Oman","OM","2021","26,6"
"Pakistan","2021,Pakistan","PK","2021","22,3"
"Palau","2021,Palau","PW","2021","34,6"
"Panama","2021,Panama","PA","2021","30,6"
"Papua New Guinea","2021,Papua New Guinea","PG","2021","21,3"
"Paraguay","2021,Paraguay","PY","2021","30,4"
"Peru","2021,Peru","PE","2021","29,8"
"Philippines","2021,Philippines","PH","2021","25,0"
"Poland","2021,Poland","PL","2021","42,1"
"Portugal","2021,Portugal","PT","2021","45,1"
"Puerto Rico","2021,Puerto Rico","PR","2021","44,3"
"Qatar","2021,Qatar","QA","2021","33,9"
"Romania","2021,Romania","RO","2021","44,3"
"Russian Federation","2021,Russia","RU","2021","40,9"
"Rwanda","2021,Rwanda","RW","2021","19,9"
"Saint Barthelemy","2021,Saint Barthelemy","BL","2021","46,2"
"Saint Helena, Ascension, and Tristan da Cunha","2021,Saint Helena, Ascension, and Tristan da Cunha","SH","2021","43,8"
"Saint Kitts and Nevis","2021,Saint Kitts and Nevis","KN","2021","37,1"
"Saint Lucia","2021,Saint Lucia","LC","2021","37,6"
"Saint Martin","2021,Saint Martin","MF","2021","33,6"
"Saint Pierre and Miquelon","2021,Saint Pierre and Miquelon","PM","2021","49,3"
"Saint Vincent and the Grenadines","2021,Saint Vincent and the Grenadines","VC","2021","35,9"
"Samoa","2021,Samoa","WS","2021","26,1"
"San Marino","2021,San Marino","SM","2021","45,4"
"Sao Tome and Principe","2021,Sao Tome and Principe","ST","2021","19,7"
"Saudi Arabia","2021,Saudi Arabia","SA","2021","31,2"
"Senegal","2021,Senegal","SN","2021","18,6"
"Serbia","2021,Serbia","RS","2021","43,3"
"Seychelles","2021,Seychelles","SC","2021","37,2"
"Sierra Leone","2021,Sierra Leone","SL","2021","18,9"
"Singapore","2021,Singapore","SG","2021","38,0"
"Sint Maarten","2021,Sint Maarten","SX","2021","41,2"
"Slovak Republic","2021,Slovakia","SK","2021","42,1"
"Slovenia","2021,Slovenia","SI","2021","45,2"
"Solomon Islands","2021,Solomon Islands","SB","2021","24,1"
"Somalia","2021,Somalia","SO","2021","18,7"
"South Africa","2021,South Africa","ZA","2021","29,6"
"South Sudan","2021,South Sudan","SS","2021","18,7"
"Spain","2021,Spain","ES","2021","45,4"
"Sri Lanka","2021,Sri Lanka","LK","2021","33,8"
"Sudan","2021,Sudan","SD","2021","18,6"
"Suriname","2021,Suriname","SR","2021","31,0"
"Sweden","2021,Sweden","SE","2021","40,9"
"Switzerland","2021,Switzerland","CH","2021","43,6"
"Syria","2021,Syria","SY","2021","23,7"
"Taiwan","2021,Taiwan","TW","2021","42,9"
"Tajikistan","2021,Tajikistan","TJ","2021","22,7"
"Tanzania","2021,Tanzania","TZ","2021","18,6"
"Thailand","2021,Thailand","TH","2021","40,2"
"Timor-Leste","2021,Timor-Leste","TL","2021","19,8"
"Togo","2021,Togo","TG","2021","20,3"
"Tonga","2021,Tonga","TO","2021","24,6"
"Trinidad and Tobago","2021,Trinidad and Tobago","TT","2021","36,9"
"Tunisia","2021,Tunisia","TN","2021","33,1"
"Turkiye","2021,Turkey","TR","2021","32,8"
"Turkmenistan","2021,Turkmenistan","TM","2021","29,8"
"Turks and Caicos Islands","2021,Turks and Caicos Islands","TC","2021","35,1"
"Tuvalu","2021,Tuvalu","TV","2021","27,0"
"Uganda","2021,Uganda","UG","2021","15,8"
"Channel Islands","2021,Channel","CHN","2021","35,4"
"Ukraine","2021,Ukraine","UA","2021","41,6"
"United Arab Emirates","2021,United Arab Emirates","AE","2021","35,4"
"United Kingdom","2021,United Kingdom","GB","2021","40,4"
"United States","2021,United States","US","2021","38,7"
"Uruguay","2021,Uruguay","UY","2021","35,7"
"Uzbekistan","2021,Uzbekistan","UZ","2021","28,3"
"Vanuatu","2021,Vanuatu","VU","2021","23,4"
"Venezuela","2021,Venezuela","VE","2021","30,3"
"Vietnam","2021,Vietnam","VN","2021","31,8"
"Virgin Islands, British","2021,Virgin Islands, British","VG","2021","37,7"
"Virgin Islands, U.S.","2021,Virgin Islands, U.S.","VI","2021","42,1"
"Wallis and Futuna","2021,Wallis and Futuna","WF","2021","34,6"
"West Bank","2021,West Bank","XW","2021","21,4"
"Yemen","2021,Yemen","YE","2021","20,9"
"Zambia","2021,Zambia","ZM","2021","17,8"
"Zimbabwe","2021,Zimbabwe","ZW","2021","20,7"
" -> 2022","","","","--"
"Afghanistan","2022,Afghanistan","AF","2022","19,8"
"Albania","2022,Albania","AL","2022","35,3"
"Algeria","2022,Algeria","DZ","2022","28,7"
"American Samoa","2022,American Samoa","AS","2022","28,8"
"Andorra","2022,Andorra","AD","2022","47,5"
"Angola","2022,Angola","AO","2022","16,1"
"Anguilla","2022,Anguilla","AI","2022","36,5"
"Antigua and Barbuda","2022,Antigua and Barbuda","AG","2022","33,3"
"Argentina","2022,Argentina","AR","2022","32,8"
"Armenia","2022,Armenia","AM","2022","37,7"
"Aruba","2022,Aruba","AW","2022","40,4"
"Australia","2022,Australia","AU","2022","37,8"
"Austria","2022,Austria","AT","2022","44,7"
"Azerbaijan","2022,Azerbaijan","AZ","2022","33,3"
"Bahamas, The","2022,Bahamas, The","BS","2022","29,7"
"Bahrain","2022,Bahrain","BH","2022","33,2"
"Bangladesh","2022,Bangladesh","BD","2022","28,7"
"Barbados","2022,Barbados","BB","2022","40,6"
"Belarus","2022,Belarus","BY","2022","41,4"
"Belgium","2022,Belgium","BE","2022","41,7"
"Belize","2022,Belize","BZ","2022","26,1"
"Benin","2022,Benin","BJ","2022","17,1"
"Bermuda","2022,Bermuda","BM","2022","43,7"
"Bhutan","2022,Bhutan","BT","2022","29,8"
"Bolivia","2022,Bolivia","BO","2022","25,9"
"Bosnia and Herzegovina","2022,Bosnia and Herzegovina","BA","2022","44,0"
"Botswana","2022,Botswana","BW","2022","26,4"
"Brazil","2022,Brazil","BR","2022","34,3"
"Brunei","2022,Brunei","BN","2022","31,8"
"Bulgaria","2022,Bulgaria","BG","2022","44,4"
"Burkina Faso","2022,Burkina Faso","BF","2022","18,3"
"Burma","2022,Burma","MM","2022","30,0"
"Burundi","2022,Burundi","BI","2022","18,0"
"Cabo Verde","2022,Cabo Verde","CV","2022","27,8"
"Cambodia","2022,Cambodia","KH","2022","27,2"
"Cameroon","2022,Cameroon","CM","2022","18,7"
"Canada","2022,Canada","CA","2022","42,2"
"Cayman Islands","2022,Cayman Islands","KY","2022","40,9"
"Central African Republic","2022,Central African Republic","CF","2022","20,0"
"Chad","2022,Chad","TD","2022","16,4"
"Chile","2022,Chile","CL","2022","36,2"
"China","2022,China","CN","2022","39,4"
"Colombia","2022,Colombia","CO","2022","32,0"
"Comoros","2022,Comoros","KM","2022","21,8"
"Congo (Brazzaville)","2022,Congo (Brazzaville)","CG","2022","20,4"
"Congo (Kinshasa)","2022,Congo (Kinshasa)","CD","2022","16,7"
"Cook Islands","2022,Cook Islands","CK","2022","40,2"
"Costa Rica","2022,Costa Rica","CR","2022","34,5"
"Croatia","2022,Croatia","HR","2022","44,5"
"Cuba","2022,Cuba","CU","2022","42,2"
"Curaçao","2022,Curaçao","CW","2022","37,2"
"Cyprus","2022,Cyprus","CY","2022","38,7"
"Czech Republic","2022,Czechia","CZ","2022","43,7"
"Côte d'Ivoire","2022,Côte d'Ivoire","CI","2022","20,7"
"Denmark","2022,Denmark","DK","2022","42,1"
"Djibouti","2022,Djibouti","DJ","2022","25,7"
"Dominica","2022,Dominica","DM","2022","36,0"
"Dominican Republic","2022,Dominican Republic","DO","2022","28,5"
"Ecuador","2022,Ecuador","EC","2022","27,5"
"Egypt","2022,Egypt","EG","2022","23,9"
"El Salvador","2022,El Salvador","SV","2022","28,7"
"Equatorial Guinea","2022,Equatorial Guinea","GQ","2022","21,8"
"Eritrea","2022,Eritrea","ER","2022","20,7"
"Estonia","2022,Estonia","EE","2022","44,3"
"Eswatini","2022,Eswatini","SZ","2022","24,2"
"Ethiopia","2022,Ethiopia","ET","2022","20,1"
"Faroe Islands","2022,Faroe Islands","FO","2022","36,8"
"Fiji","2022,Fiji","FJ","2022","30,9"
"Finland","2022,Finland","FI","2022","43,1"
"France","2022,France","FR","2022","42,2"
"French Polynesia","2022,French Polynesia","PF","2022","34,4"
"Gabon","2022,Gabon","GA","2022","21,5"
"Gambia, The","2022,Gambia, The","GM","2022","19,6"
"Gaza Strip","2022,Gaza Strip","XG","2022","18,9"
"Georgia","2022,Georgia","GE","2022","37,7"
"Germany","2022,Germany","DE","2022","46,7"
"Ghana","2022,Ghana","GH","2022","21,2"
"Gibraltar","2022,Gibraltar","GI","2022","36,3"
"Greece","2022,Greece","GR","2022","45,9"
"Greenland","2022,Greenland","GL","2022","34,8"
"Grenada","2022,Grenada","GD","2022","34,4"
"Guam","2022,Guam","GU","2022","29,8"
"Guatemala","2022,Guatemala","GT","2022","24,1"
"Guernsey","2022,Guernsey","GG","2022","44,7"
"Guinea","2022,Guinea","GN","2022","19,3"
"Guinea-Bissau","2022,Guinea-Bissau","GW","2022","18,2"
"Guyana","2022,Guyana","GY","2022","27,5"
"Haiti","2022,Haiti","HT","2022","24,3"
"Honduras","2022,Honduras","HN","2022","25,0"
"Hong Kong","2022,Hong Kong","HK","2022","46,4"
"Hungary","2022,Hungary","HU","2022","44,2"
"Iceland","2022,Iceland","IS","2022","37,6"
"India","2022,India","IN","2022","29,2"
"Indonesia","2022,Indonesia","ID","2022","30,9"
"Iran","2022,Iran","IR","2022","32,8"
"Iraq","2022,Iraq","IQ","2022","21,8"
"Ireland","2022,Ireland","IE","2022","39,4"
"Isle of Man","2022,Isle of Man","IM","2022","44,7"
"Israel","2022,Israel","IL","2022","30,0"
"Italy","2022,Italy","IT","2022","47,7"
"Jamaica","2022,Jamaica","JM","2022","30,1"
"Japan","2022,Japan","JP","2022","49,1"
"Jersey","2022,Jersey","JE","2022","37,8"
"Jordan","2022,Jordan","JO","2022","24,3"
"Kazakhstan","2022,Kazakhstan","KZ","2022","31,5"
"Kenya","2022,Kenya","KE","2022","20,6"
"Kiribati","2022,Kiribati","KI","2022","26,5"
"Korea, North","2022,Korea, North","KP","2022","35,4"
"Korea, South","2022,Korea, South","KR","2022","44,5"
"Kosovo","2022,Kosovo","XK","2022","31,3"
"Kuwait","2022,Kuwait","KW","2022","30,0"
"Kyrgyzstan","2022,Kyrgyzstan","KG","2022","27,9"
"Laos","2022,Laos","LA","2022","24,6"
"Latvia","2022,Latvia","LV","2022","44,9"
"Lebanon","2022,Lebanon","LB","2022","35,3"
"Lesotho","2022,Lesotho","LS","2022","23,5"
"Liberia","2022,Liberia","LR","2022","19,6"
"Libya","2022,Libya","LY","2022","26,0"
"Liechtenstein","2022,Liechtenstein","LI","2022","44,0"
"Lithuania","2022,Lithuania","LT","2022","44,8"
"Luxembourg","2022,Luxembourg","LU","2022","39,7"
"Macau","2022,Macau","MO","2022","41,5"
"Madagascar","2022,Madagascar","MG","2022","20,8"
"Malawi","2022,Malawi","MW","2022","19,7"
"Malaysia","2022,Malaysia","MY","2022","31,0"
"Maldives","2022,Maldives","MV","2022","30,7"
"Mali","2022,Mali","ML","2022","16,2"
"Malta","2022,Malta","MT","2022","42,9"
"Marshall Islands","2022,Marshall Islands","MH","2022","24,7"
"Mauritania","2022,Mauritania","MR","2022","21,7"
"Mauritius","2022,Mauritius","MU","2022","38,9"
"Mexico","2022,Mexico","MX","2022","30,4"
"Micronesia, Federated States of","2022,Micronesia, Federated States of","FM","2022","27,3"
"Moldova","2022,Moldova","MD","2022","39,3"
"Monaco","2022,Monaco","MC","2022","55,5"
"Mongolia","2022,Mongolia","MN","2022","30,7"
"Montenegro","2022,Montenegro","ME","2022","40,3"
"Montserrat","2022,Montserrat","MS","2022","35,9"
"Morocco","2022,Morocco","MA","2022","29,9"
"Mozambique","2022,Mozambique","MZ","2022","17,1"
"Namibia","2022,Namibia","NA","2022","22,3"
"Nauru","2022,Nauru","NR","2022","27,3"
"Nepal","2022,Nepal","NP","2022","26,6"
"Netherlands","2022,Netherlands","NL","2022","42,3"
"New Caledonia","2022,New Caledonia","NC","2022","33,6"
"New Zealand","2022,New Zealand","NZ","2022","37,5"
"Nicaragua","2022,Nicaragua","NI","2022","28,0"
"Niger","2022,Niger","NE","2022","15,0"
"Nigeria","2022,Nigeria","NG","2022","19,0"
"North Macedonia","2022,North Macedonia","MK","2022","39,7"
"Northern Mariana Islands","2022,Northern Mariana Islands","MP","2022","32,4"
"Norway","2022,Norway","NO","2022","40,4"
"Oman","2022,Oman","OM","2022","26,8"
"Pakistan","2022,Pakistan","PK","2022","22,5"
"Palau","2022,Palau","PW","2022","34,8"
"Panama","2022,Panama","PA","2022","30,9"
"Papua New Guinea","2022,Papua New Guinea","PG","2022","21,5"
"Paraguay","2022,Paraguay","PY","2022","30,8"
"Peru","2022,Peru","PE","2022","29,9"
"Philippines","2022,Philippines","PH","2022","25,2"
"Poland","2022,Poland","PL","2022","42,2"
"Portugal","2022,Portugal","PT","2022","45,6"
"Puerto Rico","2022,Puerto Rico","PR","2022","44,9"
"Qatar","2022,Qatar","QA","2022","34,1"
"Romania","2022,Romania","RO","2022","44,7"
"Russian Federation","2022,Russia","RU","2022","41,2"
"Rwanda","2022,Rwanda","RW","2022","20,2"
"Saint Barthelemy","2022,Saint Barthelemy","BL","2022","46,6"
"Saint Helena, Ascension, and Tristan da Cunha","2022,Saint Helena, Ascension, and Tristan da Cunha","SH","2022","44,2"
"Saint Kitts and Nevis","2022,Saint Kitts and Nevis","KN","2022","37,6"
"Saint Lucia","2022,Saint Lucia","LC","2022","38,3"
"Saint Martin","2022,Saint Martin","MF","2022","33,8"
"Saint Pierre and Miquelon","2022,Saint Pierre and Miquelon","PM","2022","50,0"
"Saint Vincent and the Grenadines","2022,Saint Vincent and the Grenadines","VC","2022","36,5"
"Samoa","2022,Samoa","WS","2022","26,5"
"San Marino","2022,San Marino","SM","2022","45,7"
"Sao Tome and Principe","2022,Sao Tome and Principe","ST","2022","20,1"
"Saudi Arabia","2022,Saudi Arabia","SA","2022","31,6"
"Senegal","2022,Senegal","SN","2022","18,8"
"Channel Islands","2022,Channel","CHN","2022","35,8"
"Serbia","2022,Serbia","RS","2022","43,4"
"Seychelles","2022,Seychelles","SC","2022","37,7"
"Sierra Leone","2022,Sierra Leone","SL","2022","19,0"
"Singapore","2022,Singapore","SG","2022","38,4"
"Sint Maarten","2022,Sint Maarten","SX","2022","41,2"
"Slovak Republic","2022,Slovakia","SK","2022","42,3"
"Slovenia","2022,Slovenia","SI","2022","45,6"
"Solomon Islands","2022,Solomon Islands","SB","2022","24,5"
"Somalia","2022,Somalia","SO","2022","18,8"
"South Africa","2022,South Africa","ZA","2022","29,8"
"South Sudan","2022,South Sudan","SS","2022","18,7"
"Spain","2022,Spain","ES","2022","45,9"
"Sri Lanka","2022,Sri Lanka","LK","2022","33,9"
"Sudan","2022,Sudan","SD","2022","18,8"
"Suriname","2022,Suriname","SR","2022","31,3"
"Sweden","2022,Sweden","SE","2022","40,9"
"Switzerland","2022,Switzerland","CH","2022","43,8"
"Syria","2022,Syria","SY","2022","23,8"
"Taiwan","2022,Taiwan","TW","2022","43,5"
"Tajikistan","2022,Tajikistan","TJ","2022","22,7"
"Tanzania","2022,Tanzania","TZ","2022","18,8"
"Thailand","2022,Thailand","TH","2022","40,6"
"Timor-Leste","2022,Timor-Leste","TL","2022","20,1"
"Togo","2022,Togo","TG","2022","20,4"
"Tonga","2022,Tonga","TO","2022","25,0"
"Trinidad and Tobago","2022,Trinidad and Tobago","TT","2022","37,4"
"Tunisia","2022,Tunisia","TN","2022","33,6"
"Turkiye","2022,Turkey","TR","2022","33,2"
"Turkmenistan","2022,Turkmenistan","TM","2022","30,3"
"Turks and Caicos Islands","2022,Turks and Caicos Islands","TC","2022","35,5"
"Tuvalu","2022,Tuvalu","TV","2022","27,2"
"Uganda","2022,Uganda","UG","2022","16,0"
"Ukraine","2022,Ukraine","UA","2022","43,4"
"United Arab Emirates","2022,United Arab Emirates","AE","2022","35,6"
"United Kingdom","2022,United Kingdom","GB","2022","40,5"
"United States","2022,United States","US","2022","38,9"
"Uruguay","2022,Uruguay","UY","2022","36,0"
"Uzbekistan","2022,Uzbekistan","UZ","2022","28,5"
"Vanuatu","2022,Vanuatu","VU","2022","23,8"
"Venezuela","2022,Venezuela","VE","2022","30,6"
"Vietnam","2022,Vietnam","VN","2022","32,2"
"Virgin Islands, British","2022,Virgin Islands, British","VG","2022","38,0"
"Virgin Islands, U.S.","2022,Virgin Islands, U.S.","VI","2022","42,4"
"Wallis and Futuna","2022,Wallis and Futuna","WF","2022","35,2"
"West Bank","2022,West Bank","XW","2022","21,6"
"Yemen","2022,Yemen","YE","2022","21,3"
"Zambia","2022,Zambia","ZM","2022","18,0"
"Zimbabwe","2022,Zimbabwe","ZW","2022","20,9"